Brand,Model,Original_Price,Age_Months,RAM_GB,Storage_GB,Battery_Health,Camera_MP,Screen_Size,Condition,5G_Support,Warranty_Remaining,Resale_Price
Vivo,Vivo Model 10,59750,7,3,512,71,16,6.2,Average,Yes,Yes,32751
Oppo,Oppo Model 27,17156,31,3,512,92,8,6.7,Excellent,Yes,Yes,11094
Oppo,Oppo Model 4,36977,6,12,64,83,32,5.5,Excellent,No,Yes,26761
Realme,Realme Model 24,20770,71,3,512,68,48,5.6,Average,No,No,3788
Motorola,Motorola Model 24,47291,32,4,64,70,48,5.7,Good,No,No,19669
Apple,Apple Model 8,75100,54,4,128,74,32,6.0,Average,Yes,No,18207
Vivo,Vivo Model 39,73100,59,3,32,82,32,6.5,Excellent,Yes,No,27004
Motorola,Motorola Model 19,101929,50,6,32,94,16,5.5,Excellent,No,Yes,35800
OnePlus,OnePlus Model 9,104778,32,8,256,96,8,5.5,Good,No,Yes,56277
Oppo,Oppo Model 56,80118,36,8,128,89,12,5.5,Excellent,Yes,Yes,43809
Realme,Realme Model 1,71565,24,6,128,65,12,6.0,Good,No,Yes,43618
Samsung,Samsung Model 30,110232,72,8,256,90,32,5.4,Average,No,Yes,16794
Apple,Apple Model 14,65753,21,3,128,68,8,5.2,Excellent,Yes,No,46551
Samsung,Samsung Model 5,35256,49,4,128,87,48,5.9,Excellent,Yes,No,13808
Motorola,Motorola Model 31,48875,11,4,32,86,64,5.7,Average,Yes,Yes,25237
Vivo,Vivo Model 10,98448,70,3,512,84,64,6.8,Average,No,No,26969
Redmi,Redmi Model 23,109179,29,12,512,97,16,6.3,Average,Yes,Yes,53160
Oppo,Oppo Model 48,113293,30,4,512,96,16,6.5,Excellent,No,No,61098
Realme,Realme Model 45,87316,45,8,128,88,8,5.6,Excellent,No,Yes,35349
Realme,Realme Model 31,89797,1,8,128,70,108,6.4,Good,Yes,No,84130
Redmi,Redmi Model 28,111433,43,3,256,94,32,6.5,Excellent,Yes,Yes,44171
Samsung,Samsung Model 10,85438,60,4,512,95,64,6.9,Excellent,Yes,Yes,20229
Apple,Apple Model 34,106237,18,8,64,78,8,5.7,Good,Yes,No,63143
Oppo,Oppo Model 54,25180,8,6,256,98,32,6.7,Average,Yes,Yes,16851
Samsung,Samsung Model 56,65688,24,12,32,74,12,5.5,Average,Yes,Yes,28870
Motorola,Motorola Model 51,109776,14,12,32,80,12,5.7,Excellent,No,Yes,89065
Apple,Apple Model 29,50678,65,12,512,77,64,5.7,Average,No,Yes,14803
OnePlus,OnePlus Model 60,81336,26,8,64,91,8,5.9,Good,Yes,Yes,43153
Apple,Apple Model 14,95749,39,3,64,88,12,5.7,Excellent,No,Yes,50596
Apple,Apple Model 26,71866,21,4,64,92,48,5.9,Good,Yes,No,40015
Apple,Apple Model 47,55966,3,6,512,94,32,6.5,Good,No,No,46969
Apple,Apple Model 8,111332,30,3,32,81,16,5.3,Excellent,No,Yes,69161
Oppo,Oppo Model 55,96601,34,8,64,99,48,6.2,Average,No,Yes,35072
Samsung,Samsung Model 52,98204,24,8,32,82,8,6.3,Good,Yes,Yes,48399
OnePlus,OnePlus Model 56,23948,59,3,128,100,32,6.9,Good,Yes,Yes,7667
Realme,Realme Model 8,29161,34,3,64,77,16,6.3,Average,Yes,No,10924
Redmi,Redmi Model 18,53482,3,6,32,65,8,6.5,Average,Yes,No,33960
Motorola,Motorola Model 7,94287,56,8,512,90,48,5.8,Excellent,Yes,No,28535
Redmi,Redmi Model 26,53554,7,4,32,69,64,6.5,Good,No,Yes,34282
Apple,Apple Model 43,118266,49,12,128,80,64,5.7,Good,Yes,Yes,38250
Motorola,Motorola Model 1,42503,47,6,512,85,12,5.3,Good,Yes,No,10604
Samsung,Samsung Model 22,58020,11,8,128,97,64,5.6,Average,Yes,Yes,31793
Apple,Apple Model 10,60364,6,8,32,84,16,6.3,Excellent,Yes,No,58513
Vivo,Vivo Model 47,72774,20,6,512,74,8,6.7,Average,No,Yes,44535
Samsung,Samsung Model 53,97977,30,3,32,67,12,6.3,Excellent,No,No,57235
Samsung,Samsung Model 41,10469,69,4,256,81,8,6.0,Excellent,Yes,Yes,7119
Motorola,Motorola Model 17,114065,10,6,64,78,12,6.5,Good,No,No,76601
Motorola,Motorola Model 59,97613,37,3,512,77,8,6.3,Good,No,No,45346
Redmi,Redmi Model 1,71231,8,8,128,71,64,5.6,Good,No,No,53631
Motorola,Motorola Model 30,108554,16,12,64,84,8,6.9,Excellent,No,No,73870
Motorola,Motorola Model 18,58704,27,4,32,70,12,6.5,Good,No,Yes,33153
OnePlus,OnePlus Model 57,22768,47,4,256,96,32,5.2,Excellent,No,No,8142
OnePlus,OnePlus Model 47,26442,54,6,256,85,8,6.7,Excellent,No,No,15434
Oppo,Oppo Model 8,33656,2,6,128,88,8,5.9,Average,Yes,No,31482
Oppo,Oppo Model 49,44065,7,6,32,68,108,6.4,Average,Yes,Yes,36924
OnePlus,OnePlus Model 28,74972,41,4,128,92,8,6.7,Average,No,Yes,30022
Apple,Apple Model 4,103990,53,8,512,73,64,6.8,Good,Yes,Yes,28952
Motorola,Motorola Model 27,53044,37,6,128,81,32,6.4,Good,No,No,17420
Redmi,Redmi Model 42,29188,10,4,512,96,48,5.6,Good,No,No,15613
Realme,Realme Model 16,19890,23,6,512,70,16,5.6,Good,Yes,Yes,15694
Oppo,Oppo Model 25,62248,68,4,256,82,16,6.6,Good,No,No,9530
Realme,Realme Model 6,43523,32,8,256,93,32,6.9,Excellent,Yes,Yes,22970
Motorola,Motorola Model 38,72202,1,3,256,98,108,6.0,Good,Yes,Yes,58033
Redmi,Redmi Model 10,76467,14,8,32,100,108,5.3,Excellent,Yes,Yes,61515
OnePlus,OnePlus Model 9,90113,33,12,256,72,8,5.3,Average,Yes,No,32862
Realme,Realme Model 51,86782,1,3,512,84,32,5.7,Good,Yes,No,75583
Realme,Realme Model 36,40382,4,8,128,68,8,5.5,Average,No,Yes,24329
Realme,Realme Model 43,63616,48,4,256,67,64,5.8,Good,No,No,18175
Samsung,Samsung Model 52,46287,65,3,64,96,12,5.8,Excellent,Yes,No,9448
OnePlus,OnePlus Model 49,46657,14,12,256,76,12,6.1,Average,Yes,Yes,34076
Oppo,Oppo Model 4,35911,4,12,64,91,8,6.5,Excellent,No,No,40051
Vivo,Vivo Model 47,22838,11,4,128,77,12,6.4,Average,No,Yes,11067
Oppo,Oppo Model 54,57005,43,8,64,71,8,5.3,Excellent,No,No,33279
Apple,Apple Model 36,107458,27,8,128,84,108,6.6,Excellent,Yes,No,60247
Vivo,Vivo Model 35,66503,25,6,128,95,8,6.3,Excellent,No,Yes,39930
Samsung,Samsung Model 30,16202,8,6,64,69,48,5.8,Good,No,Yes,8581
Vivo,Vivo Model 60,44127,39,3,512,69,8,6.7,Excellent,No,No,28995
Oppo,Oppo Model 51,40905,56,8,64,96,12,5.2,Average,No,Yes,12778
Realme,Realme Model 21,49883,59,6,512,70,48,5.6,Excellent,Yes,No,9712
Samsung,Samsung Model 31,80429,70,6,64,92,8,7.0,Good,Yes,Yes,12835
Oppo,Oppo Model 32,101031,58,4,64,73,32,6.0,Average,Yes,Yes,30545
OnePlus,OnePlus Model 19,44621,35,6,128,81,12,6.0,Excellent,Yes,Yes,17786
OnePlus,OnePlus Model 57,83796,25,6,32,90,16,7.0,Average,Yes,Yes,42185
Motorola,Motorola Model 3,21412,1,8,64,93,16,5.3,Good,Yes,Yes,11320
Realme,Realme Model 39,116517,25,3,128,97,108,5.5,Average,No,Yes,48630
Vivo,Vivo Model 14,12909,48,6,64,67,12,7.0,Excellent,Yes,Yes,10702
Vivo,Vivo Model 27,96908,48,4,512,84,8,5.6,Good,No,Yes,33617
Apple,Apple Model 51,59812,71,4,512,70,64,5.5,Average,No,No,8621
OnePlus,OnePlus Model 27,14731,40,12,128,91,32,5.2,Good,Yes,No,10089
Oppo,Oppo Model 14,8770,56,4,256,72,108,5.4,Average,No,No,6986
Redmi,Redmi Model 9,9944,7,12,64,90,8,6.2,Good,Yes,Yes,5382
OnePlus,OnePlus Model 11,76309,22,3,32,89,32,6.6,Excellent,No,Yes,56406
Samsung,Samsung Model 59,71273,41,3,512,89,8,6.8,Average,Yes,Yes,27113
Oppo,Oppo Model 40,118932,26,8,64,78,8,5.9,Average,Yes,No,52888
Apple,Apple Model 10,40382,25,3,512,67,64,6.7,Excellent,No,No,26380
OnePlus,OnePlus Model 42,63059,40,12,64,92,32,6.4,Good,No,Yes,18757
Samsung,Samsung Model 40,72159,60,4,256,94,108,5.5,Good,No,Yes,13906
Redmi,Redmi Model 23,64439,47,3,256,97,48,6.4,Excellent,Yes,Yes,33997
Vivo,Vivo Model 50,102423,66,3,32,97,32,6.4,Excellent,Yes,Yes,32079
Apple,Apple Model 13,25251,63,6,64,79,8,6.7,Average,No,Yes,3173
OnePlus,OnePlus Model 58,114905,59,4,128,97,32,5.6,Good,Yes,No,31854
Samsung,Samsung Model 13,31867,52,4,128,85,32,5.5,Good,Yes,Yes,13088
Vivo,Vivo Model 56,67380,72,12,512,71,16,7.0,Average,No,No,9584
Oppo,Oppo Model 24,83675,19,6,128,70,32,5.6,Average,Yes,No,49509
OnePlus,OnePlus Model 20,91786,41,3,32,79,12,5.7,Average,No,No,32515
Vivo,Vivo Model 58,14262,17,8,64,67,8,5.3,Average,No,No,2000
Vivo,Vivo Model 35,37394,53,12,128,73,12,5.9,Good,Yes,Yes,4512
Realme,Realme Model 46,27570,58,3,32,74,108,6.4,Good,No,No,16096
Samsung,Samsung Model 4,92534,72,6,512,93,48,6.9,Average,No,Yes,12896
Samsung,Samsung Model 3,16064,69,3,256,76,12,5.5,Excellent,Yes,Yes,2000
Oppo,Oppo Model 13,75929,65,8,512,76,48,5.8,Good,Yes,No,23671
Samsung,Samsung Model 25,118681,56,8,32,93,12,5.6,Excellent,No,Yes,44443
Samsung,Samsung Model 8,51976,34,3,128,100,64,6.0,Average,No,No,23233
Realme,Realme Model 6,74509,2,4,128,80,108,6.5,Excellent,No,Yes,78208
Oppo,Oppo Model 22,86804,31,8,512,95,32,6.7,Average,Yes,Yes,35743
Realme,Realme Model 37,48337,28,8,512,69,48,6.8,Excellent,Yes,Yes,22551
Apple,Apple Model 40,29208,45,4,32,66,8,5.4,Average,Yes,Yes,13558
Samsung,Samsung Model 5,85394,47,4,512,69,108,6.6,Average,No,Yes,22764
Realme,Realme Model 14,22676,5,3,32,83,32,5.4,Excellent,Yes,No,17890
Vivo,Vivo Model 28,42230,3,6,128,83,8,6.5,Good,No,No,41094
OnePlus,OnePlus Model 40,105734,4,8,32,92,48,6.6,Good,No,Yes,87188
Realme,Realme Model 46,116505,12,12,128,75,32,5.2,Excellent,No,Yes,85275
Vivo,Vivo Model 32,20542,63,4,256,87,108,6.1,Average,Yes,No,10130
Realme,Realme Model 45,38346,64,4,32,70,32,6.6,Average,Yes,No,6574
Apple,Apple Model 26,59720,12,8,32,88,12,5.7,Good,Yes,No,48525
Realme,Realme Model 30,24630,69,12,512,67,16,6.2,Average,Yes,No,7967
Vivo,Vivo Model 11,68706,57,6,512,79,12,5.8,Average,Yes,Yes,14235
OnePlus,OnePlus Model 49,100165,20,4,64,85,48,6.1,Excellent,Yes,No,76714
Realme,Realme Model 17,103516,14,4,32,77,32,5.5,Excellent,No,No,78914
OnePlus,OnePlus Model 13,22323,14,6,64,89,32,5.3,Good,No,Yes,15340
OnePlus,OnePlus Model 30,10898,19,6,512,90,8,6.5,Good,No,Yes,9677
Realme,Realme Model 44,31790,16,8,256,85,16,6.3,Excellent,No,Yes,28426
Oppo,Oppo Model 46,101406,21,6,256,95,32,5.2,Good,Yes,No,65137
Samsung,Samsung Model 25,117035,63,3,32,81,48,5.6,Average,Yes,No,20857
Motorola,Motorola Model 35,34867,61,12,32,88,48,5.8,Average,No,Yes,11623
Redmi,Redmi Model 26,75343,16,12,128,68,16,5.7,Good,Yes,Yes,42470
Oppo,Oppo Model 59,63121,46,12,128,71,12,5.7,Good,Yes,No,23184
Realme,Realme Model 11,24947,9,4,256,100,64,5.6,Excellent,No,No,20771
OnePlus,OnePlus Model 49,79862,17,8,128,79,16,6.5,Average,No,No,46783
Redmi,Redmi Model 31,8353,36,6,64,84,16,6.1,Good,Yes,No,2000
OnePlus,OnePlus Model 55,58477,8,3,512,85,108,6.9,Average,No,Yes,40564
Samsung,Samsung Model 14,17437,38,6,512,71,48,5.5,Excellent,Yes,No,6277
Redmi,Redmi Model 14,60754,69,4,512,70,64,6.8,Average,No,Yes,12731
Realme,Realme Model 34,18304,57,3,512,72,16,6.0,Excellent,No,No,7470
Samsung,Samsung Model 31,69222,19,8,64,96,12,6.2,Average,Yes,Yes,42239
Vivo,Vivo Model 30,99211,64,6,256,88,32,6.0,Average,Yes,Yes,25071
Vivo,Vivo Model 41,92740,4,3,512,67,64,6.5,Good,Yes,No,75701
Redmi,Redmi Model 3,35965,54,4,128,71,108,6.4,Good,No,Yes,8249
Oppo,Oppo Model 22,63363,33,12,32,83,16,5.8,Good,No,No,30439
OnePlus,OnePlus Model 56,74378,45,4,256,72,16,5.5,Average,No,Yes,25767
Apple,Apple Model 51,13249,52,12,256,99,48,5.3,Good,Yes,Yes,2000
Realme,Realme Model 53,70266,8,12,512,89,48,5.5,Average,Yes,Yes,38061
Motorola,Motorola Model 41,107965,23,3,64,67,32,6.6,Average,Yes,No,59080
Redmi,Redmi Model 51,48546,72,6,128,76,32,5.3,Excellent,No,Yes,12881
Samsung,Samsung Model 53,23577,54,12,256,93,8,5.2,Good,Yes,No,12214
Oppo,Oppo Model 36,21375,11,8,64,74,64,5.2,Excellent,Yes,Yes,25252
Apple,Apple Model 14,23905,17,8,32,82,64,6.2,Good,Yes,Yes,13328
Redmi,Redmi Model 47,107529,11,6,512,96,32,6.4,Good,Yes,Yes,69307
Samsung,Samsung Model 1,93288,11,8,128,84,64,6.3,Good,Yes,No,64929
Motorola,Motorola Model 31,96719,22,4,32,88,64,5.5,Good,No,No,61284
Motorola,Motorola Model 18,110842,43,6,128,68,48,7.0,Average,No,Yes,42987
Redmi,Redmi Model 39,117133,40,12,256,80,32,5.9,Good,Yes,No,45633
Samsung,Samsung Model 21,42477,35,8,64,67,16,6.7,Average,Yes,No,24597
Motorola,Motorola Model 23,78065,11,12,512,96,108,5.9,Average,Yes,No,49661
Samsung,Samsung Model 44,59838,60,4,128,65,108,5.9,Average,Yes,No,19356
Apple,Apple Model 15,60191,67,6,512,85,32,6.1,Excellent,Yes,Yes,12466
Apple,Apple Model 12,113626,38,6,512,87,32,6.6,Excellent,Yes,Yes,63168
Motorola,Motorola Model 24,21909,48,8,32,74,16,6.3,Good,No,Yes,2000
Samsung,Samsung Model 14,82117,63,12,512,78,16,6.9,Good,No,Yes,29901
Motorola,Motorola Model 50,85741,17,6,32,86,12,7.0,Good,Yes,Yes,47837
Samsung,Samsung Model 36,56448,59,8,32,90,8,6.5,Excellent,No,No,20092
Realme,Realme Model 42,19768,65,8,64,93,108,5.5,Excellent,Yes,Yes,2000
OnePlus,OnePlus Model 23,15769,71,3,32,81,108,6.1,Average,No,Yes,2000
Redmi,Redmi Model 21,106952,1,4,128,93,108,6.4,Good,No,No,88593
Oppo,Oppo Model 8,57149,62,8,64,93,12,6.7,Average,Yes,No,17283
Realme,Realme Model 52,12720,21,4,32,88,64,5.5,Good,Yes,No,13373
Samsung,Samsung Model 41,17850,58,6,128,79,32,5.4,Good,Yes,No,2000
Samsung,Samsung Model 12,101549,58,12,64,93,108,5.5,Good,No,Yes,24942
Samsung,Samsung Model 18,82840,38,6,64,81,32,5.4,Good,No,Yes,30473
Samsung,Samsung Model 41,111232,28,12,256,83,8,5.7,Excellent,No,No,62369
Realme,Realme Model 60,39214,13,8,128,91,12,5.3,Average,No,Yes,25576
Samsung,Samsung Model 29,113778,65,6,512,73,32,5.2,Average,No,Yes,23378
Oppo,Oppo Model 3,61600,28,6,512,76,12,6.7,Average,Yes,Yes,22670
Apple,Apple Model 54,19458,64,6,64,78,12,6.3,Average,Yes,No,2000
Samsung,Samsung Model 5,98733,67,8,32,98,108,5.8,Good,No,Yes,17248
Oppo,Oppo Model 59,108005,62,4,128,80,12,6.2,Good,Yes,Yes,33512
Vivo,Vivo Model 37,85974,1,6,512,93,48,5.3,Good,Yes,No,79028
Oppo,Oppo Model 37,106476,8,6,32,96,32,6.1,Average,Yes,Yes,64808
Apple,Apple Model 15,89143,24,4,32,84,16,6.2,Excellent,Yes,Yes,64227
Realme,Realme Model 17,10318,60,12,64,93,8,5.8,Excellent,Yes,Yes,2000
Apple,Apple Model 30,72696,65,6,32,72,8,5.9,Excellent,Yes,Yes,16118
Motorola,Motorola Model 48,59984,22,3,256,91,48,6.7,Average,Yes,No,37783
Samsung,Samsung Model 50,55612,44,8,64,86,64,6.0,Average,No,No,24290
Samsung,Samsung Model 21,75813,19,6,64,92,64,6.3,Good,Yes,Yes,39992
Vivo,Vivo Model 28,34317,65,3,64,73,32,6.9,Good,Yes,Yes,2000
OnePlus,OnePlus Model 59,96924,35,12,32,71,16,5.4,Excellent,No,Yes,58134
Samsung,Samsung Model 19,22816,40,6,64,72,8,6.3,Average,No,Yes,7774
Redmi,Redmi Model 29,24242,66,4,128,91,48,5.7,Excellent,Yes,No,12862
Motorola,Motorola Model 40,99073,29,8,64,100,64,5.9,Average,No,No,43015
OnePlus,OnePlus Model 2,39752,43,4,64,97,48,5.9,Average,No,Yes,20542
Vivo,Vivo Model 11,39266,42,12,128,96,16,5.7,Excellent,No,Yes,22631
Samsung,Samsung Model 11,80237,9,12,128,93,64,5.3,Good,No,No,63776
Apple,Apple Model 34,37513,20,8,128,87,12,6.4,Average,No,Yes,23499
Motorola,Motorola Model 18,110883,17,8,32,65,32,6.6,Average,Yes,No,59134
Redmi,Redmi Model 27,119404,36,12,512,72,32,6.7,Average,No,No,49697
Vivo,Vivo Model 19,54262,51,12,512,89,64,5.8,Average,No,No,15039
OnePlus,OnePlus Model 12,78369,39,4,256,89,48,5.6,Good,No,Yes,41102
Vivo,Vivo Model 14,63895,2,3,32,81,48,6.8,Good,No,No,54651
Oppo,Oppo Model 25,68849,46,3,512,87,32,6.9,Average,Yes,Yes,15572
Oppo,Oppo Model 24,73655,52,12,512,74,12,6.9,Good,No,No,29216
Vivo,Vivo Model 45,77486,12,4,128,85,16,7.0,Good,Yes,Yes,57296
OnePlus,OnePlus Model 45,53004,66,8,64,98,16,6.7,Excellent,Yes,No,10522
Samsung,Samsung Model 41,82049,14,6,512,67,64,5.9,Excellent,No,Yes,70266
OnePlus,OnePlus Model 26,118383,13,12,32,66,12,5.5,Average,No,Yes,71133
Realme,Realme Model 27,86871,16,4,64,98,108,6.1,Excellent,Yes,Yes,59309
Motorola,Motorola Model 53,69278,56,3,32,85,12,6.5,Good,No,Yes,14057
OnePlus,OnePlus Model 41,21035,9,6,64,93,48,5.9,Excellent,Yes,No,19339
Samsung,Samsung Model 29,15154,31,4,64,67,12,6.9,Excellent,No,Yes,15241
Motorola,Motorola Model 20,62837,33,8,32,80,64,5.9,Average,Yes,No,22578
Oppo,Oppo Model 57,101293,63,3,64,70,12,5.5,Good,Yes,Yes,35540
OnePlus,OnePlus Model 26,81601,47,3,128,99,108,5.9,Good,Yes,Yes,28882
Vivo,Vivo Model 36,40104,50,4,256,83,16,5.6,Excellent,No,Yes,13419
Redmi,Redmi Model 16,100519,17,3,64,82,48,6.7,Excellent,No,No,78977
Realme,Realme Model 11,56223,46,4,256,89,64,6.9,Excellent,No,No,24172
Realme,Realme Model 15,67335,17,6,512,93,48,7.0,Average,Yes,No,38777
Realme,Realme Model 9,106393,16,12,32,99,108,5.7,Good,Yes,Yes,66622
Samsung,Samsung Model 25,101153,12,4,64,85,12,6.4,Excellent,Yes,No,86114
OnePlus,OnePlus Model 13,16639,40,3,64,83,12,6.7,Good,No,No,5567
Motorola,Motorola Model 50,90317,17,6,64,66,16,6.4,Average,No,No,41791
Motorola,Motorola Model 16,118980,52,6,32,76,16,5.4,Average,Yes,Yes,32559
Samsung,Samsung Model 39,29235,56,4,128,74,32,6.5,Average,No,Yes,8988
Realme,Realme Model 37,73259,67,6,256,87,8,5.4,Average,No,Yes,22143
Samsung,Samsung Model 16,97269,15,3,128,78,108,6.8,Average,Yes,No,58575
Oppo,Oppo Model 48,88652,29,6,512,70,16,6.9,Good,No,No,48826
Motorola,Motorola Model 33,15117,27,8,512,73,32,6.6,Excellent,No,Yes,10101
Redmi,Redmi Model 50,91560,31,12,128,80,8,5.5,Good,No,Yes,40571
OnePlus,OnePlus Model 9,25898,63,8,64,80,8,6.1,Good,Yes,No,10498
OnePlus,OnePlus Model 9,100761,19,12,512,80,16,6.3,Excellent,No,Yes,73862
Redmi,Redmi Model 39,68447,52,4,32,83,8,5.8,Excellent,Yes,Yes,32702
OnePlus,OnePlus Model 20,33836,15,6,256,72,12,5.8,Good,No,No,17282
Apple,Apple Model 3,9417,60,8,32,86,64,6.2,Excellent,No,No,3086
Realme,Realme Model 51,79181,42,3,128,70,64,5.7,Average,No,Yes,20475
Redmi,Redmi Model 48,11626,4,8,64,83,16,5.5,Average,Yes,Yes,12949
OnePlus,OnePlus Model 48,88844,42,8,64,87,16,5.6,Excellent,No,No,36606
Samsung,Samsung Model 3,22055,52,3,64,96,32,6.1,Excellent,No,Yes,2710
Realme,Realme Model 11,26127,57,8,32,67,108,6.0,Excellent,Yes,No,2000
Samsung,Samsung Model 54,88050,66,8,64,83,8,6.4,Average,No,No,12381
Motorola,Motorola Model 1,95307,23,4,256,83,8,6.0,Average,No,Yes,46287
Apple,Apple Model 35,50427,67,8,256,99,64,6.8,Good,Yes,Yes,16607
Vivo,Vivo Model 39,94302,39,12,512,91,16,6.1,Average,Yes,No,40423
Vivo,Vivo Model 34,91066,4,4,64,93,64,5.4,Average,No,No,61301
Realme,Realme Model 37,65850,51,6,32,79,12,6.9,Excellent,Yes,Yes,31633
OnePlus,OnePlus Model 42,20447,25,12,128,96,12,6.2,Excellent,Yes,Yes,18795
Oppo,Oppo Model 44,17630,57,4,512,100,48,6.5,Excellent,Yes,No,11710
Oppo,Oppo Model 35,30446,25,12,256,70,12,5.9,Average,Yes,No,10225
Samsung,Samsung Model 24,13470,2,12,64,94,16,5.4,Excellent,No,Yes,15155
Realme,Realme Model 37,23035,46,4,128,86,108,6.6,Average,Yes,No,2000
Realme,Realme Model 24,75263,68,6,256,67,108,6.3,Excellent,No,No,26409
Apple,Apple Model 3,96502,32,6,128,77,64,6.0,Average,No,Yes,44880
Samsung,Samsung Model 32,22472,10,6,64,74,48,6.9,Average,No,Yes,15632
OnePlus,OnePlus Model 35,98376,35,8,32,66,16,7.0,Good,No,Yes,50270
Samsung,Samsung Model 5,31892,51,8,64,93,32,5.6,Average,Yes,No,6659
Realme,Realme Model 20,25160,6,4,64,88,64,6.0,Average,No,No,24235
Vivo,Vivo Model 21,8784,43,12,256,86,12,5.2,Good,Yes,Yes,7384
Redmi,Redmi Model 18,58388,35,3,512,81,16,6.2,Average,Yes,Yes,29833
Apple,Apple Model 56,34115,55,12,32,88,108,5.7,Excellent,Yes,Yes,9248
Vivo,Vivo Model 48,55533,66,4,128,100,64,5.9,Excellent,No,No,22752
Motorola,Motorola Model 33,56140,32,4,128,74,12,5.6,Average,No,No,22521
Oppo,Oppo Model 37,109233,39,4,512,69,12,5.7,Good,No,No,39749
Realme,Realme Model 38,18489,23,6,512,87,32,5.8,Average,No,Yes,14780
Motorola,Motorola Model 21,30968,36,6,512,66,108,5.5,Good,Yes,Yes,9528
Samsung,Samsung Model 26,66709,26,12,128,97,64,5.4,Excellent,Yes,Yes,42982
Samsung,Samsung Model 6,17626,44,4,32,77,16,6.2,Excellent,No,Yes,3254
Vivo,Vivo Model 21,106215,4,8,256,86,12,5.3,Good,Yes,Yes,89030
Vivo,Vivo Model 50,72796,52,6,256,65,8,6.9,Average,No,Yes,19560
Vivo,Vivo Model 11,20248,3,4,64,74,48,6.6,Excellent,No,No,18083
Vivo,Vivo Model 35,97148,72,4,512,86,12,6.5,Good,No,Yes,27123
OnePlus,OnePlus Model 42,109267,71,8,512,82,16,6.1,Good,Yes,No,17827
Motorola,Motorola Model 7,93899,47,4,64,90,108,7.0,Excellent,Yes,Yes,32167
Realme,Realme Model 36,109891,24,6,512,88,64,5.5,Excellent,Yes,Yes,68077
Realme,Realme Model 29,73396,28,6,256,94,12,5.8,Excellent,Yes,Yes,36678
Oppo,Oppo Model 44,53964,8,4,512,89,32,6.8,Good,Yes,Yes,37051
Samsung,Samsung Model 17,100964,56,4,64,87,12,5.8,Good,No,No,37769
Motorola,Motorola Model 14,82648,21,8,128,73,108,5.7,Excellent,No,Yes,55884
Realme,Realme Model 11,49912,58,4,512,68,108,5.6,Average,No,Yes,17507
Motorola,Motorola Model 12,64991,18,6,32,72,12,7.0,Excellent,Yes,No,40973
Vivo,Vivo Model 7,106474,22,8,256,70,32,5.8,Average,No,No,59707
Samsung,Samsung Model 38,38750,26,3,32,73,48,6.3,Average,No,Yes,21855
Samsung,Samsung Model 4,49483,9,3,32,96,12,6.1,Excellent,Yes,Yes,45086
Redmi,Redmi Model 41,104758,70,12,32,98,16,6.7,Excellent,No,Yes,34480
Realme,Realme Model 47,17488,35,4,32,81,16,5.3,Excellent,Yes,Yes,7807
Vivo,Vivo Model 18,9388,42,3,256,99,16,6.2,Average,No,No,2000
Oppo,Oppo Model 21,78778,54,8,64,89,108,5.9,Good,Yes,Yes,21314
OnePlus,OnePlus Model 45,88072,49,4,64,72,8,6.7,Excellent,Yes,No,38782
Vivo,Vivo Model 44,92701,57,12,128,94,48,5.2,Average,No,No,25793
Oppo,Oppo Model 16,116133,49,6,32,90,48,5.7,Average,No,Yes,37321
Realme,Realme Model 60,88283,34,6,256,87,48,6.3,Average,Yes,Yes,28263
Vivo,Vivo Model 34,34848,68,4,128,80,64,5.5,Average,No,Yes,9874
Samsung,Samsung Model 21,57972,47,8,32,91,12,6.5,Good,Yes,No,19131
OnePlus,OnePlus Model 29,94800,12,6,256,83,32,6.5,Good,No,Yes,71171
Redmi,Redmi Model 1,97152,17,6,256,98,64,5.6,Good,No,No,58464
Samsung,Samsung Model 36,34326,1,12,128,68,48,5.5,Average,No,No,21458
Realme,Realme Model 17,117332,57,3,512,96,108,5.4,Excellent,No,No,42776
Vivo,Vivo Model 59,13754,57,8,128,67,64,6.6,Good,No,No,2000
Realme,Realme Model 25,119371,17,12,64,88,8,6.4,Good,Yes,Yes,80961
Motorola,Motorola Model 25,59545,68,8,256,66,8,6.3,Good,No,No,13593
Motorola,Motorola Model 12,16532,57,8,256,73,48,6.6,Excellent,Yes,Yes,4308
Samsung,Samsung Model 60,97108,38,12,128,89,108,6.0,Excellent,Yes,Yes,49259
Samsung,Samsung Model 7,73135,12,4,512,94,8,6.7,Excellent,No,No,64647
Samsung,Samsung Model 36,98572,54,12,64,91,108,5.3,Average,Yes,No,24561
Realme,Realme Model 34,8789,24,12,128,98,16,5.4,Good,No,No,6053
Oppo,Oppo Model 33,63079,7,6,128,80,108,5.9,Good,No,No,44043
Redmi,Redmi Model 4,35198,69,6,256,96,64,6.3,Good,No,Yes,8063
Samsung,Samsung Model 47,49191,2,12,32,91,48,6.7,Excellent,No,Yes,52438
Motorola,Motorola Model 19,34286,27,12,512,94,32,6.9,Good,Yes,Yes,11207
Redmi,Redmi Model 28,91790,16,3,64,69,108,6.3,Excellent,Yes,Yes,68330
Realme,Realme Model 44,102428,38,4,512,75,12,6.6,Average,Yes,Yes,37525
Apple,Apple Model 13,110793,12,3,256,79,64,6.7,Average,No,No,61011
Samsung,Samsung Model 60,99187,18,3,64,93,16,6.6,Average,No,Yes,50300
OnePlus,OnePlus Model 21,79923,28,4,64,90,8,5.8,Excellent,No,Yes,50212
Apple,Apple Model 13,68876,20,4,256,86,64,5.9,Excellent,No,Yes,50256
Realme,Realme Model 42,76720,68,3,128,96,16,5.2,Good,Yes,Yes,19006
OnePlus,OnePlus Model 56,47708,70,3,64,73,32,5.7,Excellent,No,Yes,14484
Apple,Apple Model 1,53127,25,4,128,68,12,5.8,Good,No,Yes,26768
Vivo,Vivo Model 12,22371,39,3,512,94,8,6.5,Excellent,Yes,No,10391
Samsung,Samsung Model 3,13191,66,12,32,91,64,6.5,Good,No,Yes,2000
Redmi,Redmi Model 24,30242,12,6,32,95,16,5.5,Excellent,Yes,Yes,18111
Redmi,Redmi Model 32,43450,69,12,32,85,32,5.6,Average,Yes,No,7043
Realme,Realme Model 19,60916,72,4,64,80,64,6.8,Average,Yes,Yes,4223
Apple,Apple Model 4,72015,27,4,32,75,12,6.7,Excellent,No,No,45815
Apple,Apple Model 19,82686,16,3,512,78,12,5.6,Average,Yes,Yes,39251
Vivo,Vivo Model 7,13403,28,12,64,84,16,5.4,Good,Yes,Yes,4208
Oppo,Oppo Model 51,61360,5,3,64,74,64,6.1,Excellent,Yes,No,60530
Redmi,Redmi Model 14,33978,29,6,32,65,108,6.8,Excellent,No,No,26693
Apple,Apple Model 49,87102,9,4,32,88,108,5.9,Average,No,Yes,60420
Motorola,Motorola Model 44,109197,64,4,128,84,8,6.5,Average,Yes,No,23233
OnePlus,OnePlus Model 48,85803,69,3,32,81,108,6.7,Excellent,Yes,Yes,25410
Motorola,Motorola Model 36,39017,64,12,32,90,64,6.6,Average,No,No,7556
Apple,Apple Model 15,93521,44,12,256,84,8,5.7,Average,Yes,Yes,37336
Motorola,Motorola Model 27,61845,39,8,64,86,48,5.6,Good,No,No,28498
Samsung,Samsung Model 19,52017,12,6,64,93,32,6.4,Excellent,Yes,Yes,44802
Samsung,Samsung Model 25,115863,24,8,128,86,12,5.9,Excellent,No,No,71207
Motorola,Motorola Model 21,74421,25,4,256,98,8,5.2,Excellent,Yes,Yes,46198
OnePlus,OnePlus Model 48,54177,13,12,512,89,12,6.9,Good,No,Yes,37862
Vivo,Vivo Model 29,42910,38,6,128,89,48,6.7,Excellent,No,No,19126
Samsung,Samsung Model 4,117420,16,12,256,93,16,6.6,Excellent,No,Yes,94737
Vivo,Vivo Model 31,25955,1,6,64,77,48,6.9,Average,Yes,No,13950
OnePlus,OnePlus Model 41,107936,31,6,512,66,32,6.2,Good,Yes,No,53447
Vivo,Vivo Model 45,44369,42,4,512,96,108,5.3,Average,No,Yes,10527
Samsung,Samsung Model 11,48370,67,4,128,68,48,5.7,Good,No,Yes,8707
OnePlus,OnePlus Model 58,70224,26,12,128,93,32,5.4,Good,No,No,35342
Oppo,Oppo Model 51,69938,35,3,64,93,48,6.7,Average,Yes,No,20080
Redmi,Redmi Model 18,107231,69,8,512,91,108,5.3,Good,No,No,26827
OnePlus,OnePlus Model 55,90600,16,6,256,65,8,6.2,Average,No,No,52328
Vivo,Vivo Model 17,39899,9,12,32,91,108,6.7,Excellent,No,Yes,36313
Redmi,Redmi Model 47,91087,16,8,256,86,32,5.9,Good,No,Yes,63196
Redmi,Redmi Model 35,104424,67,8,128,73,12,5.8,Excellent,No,Yes,30267
Samsung,Samsung Model 55,83214,31,12,256,90,12,6.2,Good,Yes,Yes,36786
Realme,Realme Model 33,24376,37,3,256,83,12,6.4,Average,No,No,12852
Apple,Apple Model 50,87082,66,6,512,78,12,5.8,Good,Yes,No,14841
Apple,Apple Model 8,117916,42,4,32,94,64,6.6,Good,No,Yes,46821
Samsung,Samsung Model 3,78498,60,3,256,79,16,6.3,Good,No,Yes,18204
Realme,Realme Model 19,118022,69,3,64,76,8,6.7,Good,No,No,21821
OnePlus,OnePlus Model 47,19733,15,8,256,97,48,5.9,Average,Yes,No,18947
Vivo,Vivo Model 43,40997,10,8,512,73,32,6.0,Average,No,Yes,23128
Realme,Realme Model 8,60805,22,6,64,69,64,6.8,Excellent,No,Yes,45336
Realme,Realme Model 50,42813,26,12,128,66,64,6.5,Average,Yes,Yes,17598
Realme,Realme Model 27,9705,69,6,512,87,64,5.5,Average,No,No,2000
Apple,Apple Model 3,104910,23,6,256,66,108,6.5,Excellent,No,Yes,74461
Redmi,Redmi Model 24,109904,61,8,32,86,108,5.8,Excellent,Yes,No,35671
Oppo,Oppo Model 14,54375,33,3,64,82,108,7.0,Good,No,Yes,31205
Oppo,Oppo Model 9,26129,2,3,64,99,32,5.2,Excellent,No,Yes,20516
Apple,Apple Model 55,50384,44,12,512,94,32,6.6,Excellent,Yes,Yes,17579
Vivo,Vivo Model 25,21633,13,12,64,77,32,6.0,Average,No,Yes,14081
Samsung,Samsung Model 56,69690,22,8,64,95,64,6.8,Average,Yes,Yes,41611
Motorola,Motorola Model 39,58029,9,4,64,65,32,6.2,Average,Yes,Yes,32789
Apple,Apple Model 59,34231,1,3,256,68,32,5.6,Excellent,Yes,No,29908
Samsung,Samsung Model 10,69330,3,8,32,71,12,5.5,Average,Yes,No,42909
Oppo,Oppo Model 59,8296,10,3,512,70,48,6.2,Average,Yes,Yes,8003
OnePlus,OnePlus Model 30,60030,1,12,64,66,12,6.7,Good,Yes,Yes,55455
Realme,Realme Model 43,64236,15,12,32,99,48,5.8,Excellent,Yes,Yes,54521
Apple,Apple Model 6,56180,36,6,128,83,12,6.1,Average,No,Yes,13686
Apple,Apple Model 5,13708,15,12,64,98,32,6.0,Good,Yes,Yes,16082
Samsung,Samsung Model 54,15720,4,4,256,68,12,6.3,Good,No,No,16416
Redmi,Redmi Model 17,111243,39,6,32,85,32,5.4,Good,Yes,No,51892
Vivo,Vivo Model 18,113332,32,3,256,99,8,5.8,Average,No,No,38907
Realme,Realme Model 57,52908,11,12,64,71,8,6.7,Good,No,No,35960
Apple,Apple Model 35,23972,59,4,64,98,8,6.4,Average,Yes,No,13260
Apple,Apple Model 42,35836,28,6,32,81,32,6.5,Excellent,No,Yes,24606
OnePlus,OnePlus Model 49,59238,32,6,128,66,8,6.4,Excellent,No,Yes,35420
Apple,Apple Model 39,16903,51,6,32,69,64,5.3,Excellent,Yes,No,2000
Redmi,Redmi Model 36,22793,64,12,128,93,12,6.8,Good,No,No,4801
Redmi,Redmi Model 29,103461,13,8,128,85,108,5.6,Good,Yes,Yes,77502
Realme,Realme Model 52,53973,43,6,512,65,108,5.5,Excellent,Yes,No,27094
OnePlus,OnePlus Model 12,13984,19,8,32,68,32,5.7,Excellent,Yes,Yes,2882
OnePlus,OnePlus Model 1,43170,17,6,128,99,64,5.5,Good,No,No,25693
Redmi,Redmi Model 34,94924,15,4,64,83,108,5.9,Excellent,Yes,Yes,78344
Realme,Realme Model 49,58355,47,4,256,81,108,5.2,Excellent,No,No,20197
OnePlus,OnePlus Model 2,69943,57,8,32,72,32,6.2,Good,Yes,No,15254
Motorola,Motorola Model 31,30782,30,8,256,68,8,5.5,Good,No,No,15192
Realme,Realme Model 60,52374,72,3,32,97,12,6.1,Excellent,No,Yes,6710
Oppo,Oppo Model 34,15336,31,12,64,97,108,5.8,Excellent,Yes,No,4963
Motorola,Motorola Model 60,68415,17,3,256,85,8,5.6,Average,No,Yes,31365
Motorola,Motorola Model 31,41727,24,12,32,97,8,6.4,Average,Yes,Yes,24685
Motorola,Motorola Model 43,87289,18,6,64,89,108,6.8,Good,Yes,No,57718
Redmi,Redmi Model 45,37738,3,12,256,70,32,5.6,Excellent,No,No,43671
Redmi,Redmi Model 54,33104,39,6,512,77,8,5.9,Average,Yes,Yes,9918
Motorola,Motorola Model 15,16627,62,6,512,96,64,7.0,Average,Yes,Yes,9599
Motorola,Motorola Model 13,48617,59,6,64,85,8,5.9,Good,No,Yes,15597
Vivo,Vivo Model 50,29243,31,3,64,81,48,6.0,Average,No,Yes,8600
Realme,Realme Model 36,23798,36,8,64,73,48,5.4,Good,Yes,Yes,6560
Oppo,Oppo Model 11,18515,58,8,128,79,108,5.5,Average,No,No,2000
Samsung,Samsung Model 28,115426,14,3,128,69,16,6.6,Excellent,Yes,No,82170
Oppo,Oppo Model 55,47357,66,12,32,93,12,6.1,Average,No,Yes,9552
Apple,Apple Model 38,41206,49,4,128,80,32,5.9,Average,No,Yes,15910
Samsung,Samsung Model 40,97441,61,4,128,65,32,6.1,Average,Yes,No,31208
Vivo,Vivo Model 51,38527,56,3,64,99,32,5.9,Excellent,Yes,No,17645
Vivo,Vivo Model 25,94944,64,6,64,79,64,5.6,Good,Yes,Yes,25768
Redmi,Redmi Model 57,61233,54,3,256,94,16,6.2,Good,No,No,16893
Redmi,Redmi Model 52,71137,3,4,256,88,8,6.9,Good,Yes,Yes,62751
Realme,Realme Model 24,108426,39,6,64,69,48,6.0,Average,Yes,Yes,46073
Samsung,Samsung Model 39,78104,53,12,128,66,8,6.6,Excellent,Yes,Yes,21215
Redmi,Redmi Model 15,30876,34,4,32,66,8,5.3,Excellent,Yes,Yes,16105
Vivo,Vivo Model 5,76462,45,6,128,91,64,6.1,Good,No,Yes,36332
Apple,Apple Model 17,29293,34,3,32,68,64,7.0,Excellent,No,No,15786
Motorola,Motorola Model 10,32693,72,3,64,92,32,5.7,Excellent,Yes,No,13630
Apple,Apple Model 52,69925,13,3,512,74,12,6.6,Good,No,Yes,50518
Apple,Apple Model 53,94960,61,12,256,73,8,5.5,Average,Yes,Yes,28668
Motorola,Motorola Model 16,106414,34,12,256,98,48,5.8,Excellent,Yes,Yes,60415
Samsung,Samsung Model 15,75212,38,4,256,77,12,5.6,Good,No,Yes,27227
Samsung,Samsung Model 15,68677,44,6,256,85,48,6.5,Excellent,No,Yes,27110
Samsung,Samsung Model 21,75337,31,4,64,80,32,5.3,Good,Yes,No,40486
Motorola,Motorola Model 34,48733,10,3,32,89,32,6.1,Good,Yes,No,32821
Motorola,Motorola Model 46,62840,48,12,256,85,48,5.3,Good,Yes,No,16829
Samsung,Samsung Model 55,81078,17,3,256,67,16,6.4,Average,No,No,44843
Apple,Apple Model 10,59624,13,3,32,83,108,6.4,Average,Yes,Yes,32292
Redmi,Redmi Model 53,77711,53,4,64,76,32,6.6,Good,No,No,19542
Realme,Realme Model 30,80342,15,3,128,89,32,5.6,Excellent,No,No,59228
Realme,Realme Model 47,111205,17,4,256,71,108,6.7,Good,Yes,Yes,67517
Motorola,Motorola Model 53,99137,20,12,128,85,12,6.5,Good,Yes,No,53068
Samsung,Samsung Model 56,38371,45,3,128,67,8,6.9,Good,Yes,No,20041
OnePlus,OnePlus Model 24,47527,48,12,128,90,32,5.7,Excellent,Yes,No,23858
Realme,Realme Model 53,92437,7,4,64,84,16,6.1,Good,No,No,77173
OnePlus,OnePlus Model 9,39431,70,6,32,87,108,5.5,Good,Yes,Yes,14442
Motorola,Motorola Model 22,69632,60,4,128,88,12,5.3,Excellent,No,Yes,29612
Samsung,Samsung Model 15,56500,10,12,32,96,64,5.3,Good,No,No,46429
Motorola,Motorola Model 25,48616,61,6,128,84,64,6.8,Average,Yes,Yes,11657
Motorola,Motorola Model 27,9547,30,4,64,88,48,5.9,Average,Yes,Yes,3659
Oppo,Oppo Model 2,102041,17,8,32,76,48,5.7,Average,No,Yes,51430
Samsung,Samsung Model 15,56067,56,4,256,69,32,5.6,Good,No,Yes,17464
Samsung,Samsung Model 43,26776,49,12,64,76,8,6.8,Average,Yes,No,2000
Samsung,Samsung Model 14,74179,3,12,64,97,32,6.9,Average,Yes,Yes,47125
Motorola,Motorola Model 52,11986,55,4,512,81,48,5.7,Good,Yes,No,2000
Apple,Apple Model 50,8743,44,4,64,99,16,5.6,Excellent,Yes,Yes,10670
Realme,Realme Model 38,102572,15,8,512,78,16,6.7,Good,Yes,No,75760
Samsung,Samsung Model 29,19316,9,12,256,74,16,6.0,Average,Yes,No,10942
Realme,Realme Model 13,37842,21,8,128,92,16,5.8,Average,Yes,No,12598
Redmi,Redmi Model 13,85297,41,3,512,83,12,6.0,Good,No,No,42498
OnePlus,OnePlus Model 31,75962,26,8,512,97,12,6.1,Excellent,Yes,No,50330
Oppo,Oppo Model 5,60873,13,6,256,86,16,6.5,Good,Yes,No,48226
Samsung,Samsung Model 3,119345,62,6,512,90,32,6.3,Excellent,Yes,Yes,39944
Vivo,Vivo Model 44,119617,52,6,512,79,16,6.6,Excellent,No,Yes,42163
Apple,Apple Model 9,112922,4,12,128,95,32,6.1,Good,Yes,No,93242
Vivo,Vivo Model 41,70510,15,6,128,89,48,6.3,Good,Yes,No,52052
Oppo,Oppo Model 5,55560,69,3,128,86,16,6.7,Excellent,No,Yes,8640
Realme,Realme Model 14,15795,18,4,128,79,12,5.3,Good,Yes,Yes,17459
Redmi,Redmi Model 36,80199,12,4,256,77,8,6.5,Average,No,No,41645
Redmi,Redmi Model 39,24556,39,3,32,68,12,5.4,Excellent,No,Yes,5730
Motorola,Motorola Model 11,22039,24,4,512,87,64,6.9,Excellent,No,Yes,20145
Oppo,Oppo Model 21,59235,53,6,256,79,32,7.0,Average,Yes,Yes,11528
Redmi,Redmi Model 51,54008,8,8,512,67,108,6.0,Average,Yes,No,34099
Samsung,Samsung Model 39,91011,44,8,512,74,108,5.3,Average,Yes,No,24984
Oppo,Oppo Model 11,98528,1,12,512,65,108,6.6,Good,Yes,No,89040
Oppo,Oppo Model 22,70856,21,6,256,77,16,7.0,Excellent,Yes,No,45163
OnePlus,OnePlus Model 52,88069,44,4,512,99,32,6.9,Excellent,No,Yes,33300
Oppo,Oppo Model 49,18828,54,6,512,97,32,6.5,Excellent,Yes,Yes,2000
Oppo,Oppo Model 18,22901,56,8,128,70,64,6.0,Good,Yes,Yes,7204
OnePlus,OnePlus Model 14,16524,34,6,128,78,48,6.9,Average,No,No,6059
Vivo,Vivo Model 26,97578,61,3,32,74,108,6.4,Excellent,Yes,No,33819
Oppo,Oppo Model 55,40650,34,12,32,93,32,5.2,Excellent,Yes,Yes,21212
Motorola,Motorola Model 57,102200,11,6,128,76,12,6.4,Excellent,Yes,No,80804
Redmi,Redmi Model 11,37245,61,4,128,81,8,5.6,Average,No,Yes,11319
Oppo,Oppo Model 35,89872,57,4,32,91,32,6.7,Average,Yes,No,19155
Motorola,Motorola Model 31,115861,68,4,128,75,48,6.4,Average,No,No,31110
Redmi,Redmi Model 59,25969,61,8,256,82,48,5.9,Average,No,No,2000
Vivo,Vivo Model 57,20497,48,8,32,73,32,6.2,Good,No,Yes,4530
Samsung,Samsung Model 21,34813,59,3,128,94,64,5.9,Average,No,No,16270
Realme,Realme Model 35,95149,23,6,64,77,16,5.7,Average,Yes,Yes,45417
Samsung,Samsung Model 14,80503,10,4,512,97,64,5.4,Excellent,Yes,No,74024
Apple,Apple Model 13,96894,1,6,32,92,8,6.9,Good,Yes,No,81429
Redmi,Redmi Model 1,83116,26,4,64,71,12,6.9,Good,No,No,43737
Samsung,Samsung Model 5,86192,55,3,128,97,12,6.0,Average,Yes,Yes,16138
Oppo,Oppo Model 40,77644,50,4,128,88,48,5.4,Good,No,Yes,21627
Redmi,Redmi Model 10,27577,15,12,32,75,16,6.1,Average,Yes,No,14409
Motorola,Motorola Model 35,106308,2,3,64,92,12,5.6,Excellent,Yes,No,98382
Apple,Apple Model 54,70580,50,8,128,95,108,5.3,Average,Yes,No,21132
Realme,Realme Model 60,12930,24,4,32,81,8,6.6,Excellent,No,Yes,7215
OnePlus,OnePlus Model 5,75130,58,4,64,76,16,6.0,Excellent,No,Yes,27169
Samsung,Samsung Model 32,24046,21,3,128,97,8,5.8,Excellent,Yes,No,11026
Realme,Realme Model 43,35456,56,6,256,70,12,6.8,Excellent,Yes,No,6169
Realme,Realme Model 27,19509,69,6,128,86,12,5.7,Average,No,Yes,2000
Oppo,Oppo Model 27,98233,56,3,64,70,8,5.3,Excellent,No,Yes,32939
Motorola,Motorola Model 17,33430,13,8,512,93,16,5.3,Average,No,Yes,14003
Apple,Apple Model 31,65321,17,3,64,67,108,6.5,Excellent,Yes,No,43549
Samsung,Samsung Model 15,84415,35,6,64,88,32,6.5,Good,Yes,No,37922
Redmi,Redmi Model 1,25304,12,12,256,80,64,6.8,Average,No,Yes,9069
Oppo,Oppo Model 6,96014,29,3,64,67,108,5.8,Good,No,No,57155
Realme,Realme Model 20,75992,27,8,128,73,16,5.8,Average,Yes,No,37302
Redmi,Redmi Model 33,10933,54,8,512,76,8,6.2,Good,Yes,No,8320
Vivo,Vivo Model 34,70436,32,12,512,89,48,5.7,Good,Yes,No,34092
Vivo,Vivo Model 47,97345,28,8,128,84,32,5.8,Good,Yes,Yes,55745
Oppo,Oppo Model 42,104345,33,6,32,82,48,5.3,Good,No,Yes,48877
OnePlus,OnePlus Model 52,112224,30,6,128,95,8,6.5,Average,Yes,No,41852
Vivo,Vivo Model 13,43370,63,3,64,86,108,6.0,Good,No,No,6372
Vivo,Vivo Model 10,92067,24,4,128,82,8,6.9,Excellent,No,Yes,64875
Redmi,Redmi Model 58,15064,55,8,64,74,108,6.6,Average,Yes,Yes,10853
OnePlus,OnePlus Model 29,74913,51,12,128,66,32,5.9,Good,Yes,No,19405
Vivo,Vivo Model 22,24612,5,12,64,78,8,6.2,Average,Yes,No,10430
Realme,Realme Model 46,119271,31,4,256,85,8,5.3,Good,Yes,No,52978
Realme,Realme Model 14,65738,40,8,128,65,12,5.4,Good,Yes,No,23485
Vivo,Vivo Model 38,39531,49,3,512,100,108,5.7,Good,No,No,6209
Samsung,Samsung Model 43,57848,60,4,512,76,108,6.3,Good,No,Yes,21781
Apple,Apple Model 17,107451,57,3,128,94,108,5.6,Excellent,Yes,Yes,44056
Apple,Apple Model 12,56356,1,8,256,97,32,5.7,Average,No,No,45171
Redmi,Redmi Model 7,74925,68,8,32,88,16,6.8,Excellent,Yes,No,19018
Vivo,Vivo Model 39,88585,72,12,128,83,108,5.4,Average,No,Yes,15413
Vivo,Vivo Model 9,51048,15,6,64,91,8,6.9,Good,Yes,No,26047
Redmi,Redmi Model 43,33913,69,8,128,90,16,5.6,Average,No,Yes,12680
Vivo,Vivo Model 53,104142,8,3,256,79,16,6.4,Average,Yes,No,68252
Motorola,Motorola Model 52,33890,70,4,32,76,64,5.5,Average,Yes,Yes,9706
Vivo,Vivo Model 19,80174,69,4,256,72,12,5.7,Good,Yes,Yes,22563
Motorola,Motorola Model 48,116809,41,12,64,88,32,6.0,Excellent,Yes,Yes,47819
Samsung,Samsung Model 38,98295,66,4,128,69,12,6.8,Average,Yes,Yes,23741
Realme,Realme Model 29,19394,59,12,64,76,12,5.8,Average,No,Yes,2000
Vivo,Vivo Model 24,16662,10,3,512,72,8,5.5,Good,No,No,19249
Apple,Apple Model 56,34856,57,12,128,100,8,6.7,Average,No,Yes,6101
Apple,Apple Model 60,94671,71,8,512,74,32,6.5,Good,No,No,27839
Realme,Realme Model 15,44852,35,12,64,73,64,5.8,Excellent,Yes,Yes,18954
Motorola,Motorola Model 51,56262,60,12,128,97,32,5.2,Average,No,No,9262
Redmi,Redmi Model 23,73043,52,4,512,74,32,6.9,Good,Yes,Yes,27149
Realme,Realme Model 23,82853,13,6,128,87,64,5.4,Good,No,Yes,54425
Oppo,Oppo Model 52,8249,39,6,64,100,48,6.3,Average,Yes,Yes,2000
Apple,Apple Model 51,96886,56,8,256,92,12,6.7,Excellent,No,Yes,34547
Redmi,Redmi Model 21,36991,56,8,128,74,8,5.5,Average,Yes,Yes,9575
Realme,Realme Model 29,92645,65,8,32,66,108,5.6,Excellent,Yes,No,23227
OnePlus,OnePlus Model 41,103279,30,12,64,87,16,5.4,Excellent,Yes,No,53633
OnePlus,OnePlus Model 36,114493,13,3,512,68,12,5.6,Excellent,No,No,95562
Apple,Apple Model 17,72140,24,6,32,84,32,5.6,Excellent,No,Yes,50528
Realme,Realme Model 56,9082,15,6,32,93,64,6.1,Excellent,Yes,Yes,4617
Samsung,Samsung Model 21,107210,50,8,512,90,12,5.8,Excellent,No,No,43892
Motorola,Motorola Model 18,31352,53,8,64,68,48,5.6,Average,Yes,Yes,2084
Vivo,Vivo Model 58,64479,2,3,128,96,64,5.5,Excellent,No,Yes,68456
OnePlus,OnePlus Model 28,101415,27,4,256,65,64,5.7,Good,No,No,54534
Realme,Realme Model 22,16898,17,3,32,83,8,6.6,Good,Yes,Yes,4341
Apple,Apple Model 60,47191,4,6,64,90,64,6.1,Good,Yes,Yes,39116
Motorola,Motorola Model 20,71846,57,8,32,92,12,5.9,Excellent,No,No,27481
Oppo,Oppo Model 26,76037,72,6,32,67,64,6.0,Excellent,Yes,No,18317
OnePlus,OnePlus Model 24,28007,67,4,256,74,16,6.8,Excellent,Yes,Yes,6876
Apple,Apple Model 3,88463,57,6,512,93,64,6.6,Excellent,Yes,No,27590
Samsung,Samsung Model 52,57212,47,4,256,70,8,5.2,Average,Yes,Yes,23259
Apple,Apple Model 36,33490,67,3,64,83,108,6.9,Good,No,Yes,5602
Samsung,Samsung Model 37,105280,13,12,256,84,48,5.3,Excellent,Yes,No,75720
Realme,Realme Model 38,117880,36,8,128,76,48,6.0,Good,No,No,50012
OnePlus,OnePlus Model 41,92211,66,3,32,98,32,5.8,Good,Yes,No,24117
OnePlus,OnePlus Model 47,48378,48,4,256,97,16,6.3,Average,Yes,No,22315
Motorola,Motorola Model 17,114735,27,4,512,73,108,6.7,Excellent,Yes,No,75590
Redmi,Redmi Model 24,41962,25,8,256,76,64,6.4,Good,Yes,Yes,22989
Oppo,Oppo Model 3,33048,51,8,256,77,16,6.4,Average,No,No,12388
Oppo,Oppo Model 33,59867,25,8,64,97,108,5.8,Average,No,Yes,33953
Apple,Apple Model 16,97524,10,12,64,88,108,5.7,Good,No,No,68377
Vivo,Vivo Model 52,118460,24,12,64,75,8,5.5,Average,Yes,No,54374
Apple,Apple Model 34,28287,19,12,64,86,108,5.7,Excellent,No,Yes,18335
Samsung,Samsung Model 28,36825,49,8,32,93,108,6.3,Excellent,Yes,Yes,13410
OnePlus,OnePlus Model 16,11183,13,8,256,97,8,5.6,Good,Yes,Yes,5825
Samsung,Samsung Model 57,118479,16,12,32,96,48,5.5,Good,Yes,No,73785
Vivo,Vivo Model 26,29068,25,3,512,86,48,6.0,Excellent,No,No,11036
Vivo,Vivo Model 33,21384,5,6,128,81,64,5.7,Good,No,No,16712
Motorola,Motorola Model 49,82268,41,3,512,76,108,5.4,Average,Yes,Yes,23009
Realme,Realme Model 32,95484,43,4,128,93,32,6.6,Average,Yes,Yes,27048
Motorola,Motorola Model 5,16816,58,3,32,95,64,5.9,Excellent,No,Yes,11641
Redmi,Redmi Model 50,14563,53,4,128,84,64,6.1,Good,Yes,Yes,2075
Samsung,Samsung Model 39,111269,56,4,64,86,8,5.2,Excellent,No,No,42707
Motorola,Motorola Model 24,117701,13,12,256,85,8,6.9,Average,No,No,71488
Apple,Apple Model 32,79080,68,8,32,96,8,5.9,Excellent,No,No,27444
Samsung,Samsung Model 8,103910,61,6,32,91,64,6.3,Average,Yes,No,31731
Realme,Realme Model 23,83624,60,8,32,83,64,6.6,Average,Yes,No,17579
Realme,Realme Model 60,116240,52,12,32,92,32,6.8,Average,Yes,No,30128
Samsung,Samsung Model 46,45947,2,4,128,68,108,6.6,Excellent,Yes,No,40169
Oppo,Oppo Model 54,37676,68,12,128,74,108,6.6,Excellent,Yes,No,11093
Oppo,Oppo Model 23,28125,58,4,512,83,16,5.2,Good,No,Yes,15758
Apple,Apple Model 11,117881,1,8,512,69,16,5.8,Excellent,No,Yes,122956
OnePlus,OnePlus Model 35,99849,6,12,32,94,48,6.6,Good,Yes,Yes,85127
Redmi,Redmi Model 52,48269,30,3,32,81,8,6.8,Excellent,No,No,33293
Redmi,Redmi Model 59,32266,41,8,64,93,16,6.7,Average,Yes,Yes,13360
Vivo,Vivo Model 57,27924,32,3,32,77,108,5.8,Excellent,No,No,9009
OnePlus,OnePlus Model 59,109137,60,12,64,93,8,5.4,Good,Yes,Yes,26867
Apple,Apple Model 60,106680,1,3,256,70,12,5.6,Average,Yes,No,80789
Motorola,Motorola Model 8,12073,51,6,64,80,48,6.6,Average,No,No,4218
Vivo,Vivo Model 45,119491,17,8,32,83,32,5.7,Average,Yes,Yes,64484
Vivo,Vivo Model 29,45016,25,8,128,89,48,6.9,Excellent,No,Yes,29565
Motorola,Motorola Model 56,64044,33,8,128,90,8,5.6,Average,Yes,No,21129
Samsung,Samsung Model 31,58119,44,8,32,100,64,6.5,Excellent,No,Yes,22684
Oppo,Oppo Model 33,24811,37,6,256,94,16,6.8,Average,No,Yes,4189
OnePlus,OnePlus Model 41,73572,3,8,32,82,108,6.2,Good,No,Yes,60226
Samsung,Samsung Model 30,61884,26,3,32,79,16,5.9,Good,No,No,35954
Oppo,Oppo Model 24,59006,14,4,32,84,48,5.4,Average,No,No,36943
Vivo,Vivo Model 37,62801,22,4,512,97,48,7.0,Good,No,No,33876
Motorola,Motorola Model 47,66494,5,8,512,97,12,6.4,Excellent,Yes,No,57472
Apple,Apple Model 57,36247,31,8,128,93,48,5.9,Excellent,Yes,Yes,15197
Realme,Realme Model 45,20111,49,4,512,84,16,5.3,Average,No,No,2000
Apple,Apple Model 3,18330,63,6,32,90,64,6.5,Good,No,Yes,2000
Redmi,Redmi Model 30,31781,21,8,128,73,48,6.5,Good,Yes,Yes,15900
Vivo,Vivo Model 44,43844,69,4,32,100,16,5.9,Average,No,Yes,2000
Motorola,Motorola Model 45,64489,48,6,256,79,48,6.5,Good,Yes,No,24436
Motorola,Motorola Model 37,54674,49,3,32,66,48,6.2,Good,No,No,14755
Oppo,Oppo Model 51,93029,71,12,64,96,8,6.0,Excellent,No,No,29581
Samsung,Samsung Model 45,41945,38,4,256,78,16,6.2,Average,Yes,Yes,12609
Oppo,Oppo Model 22,10940,13,6,128,77,48,5.5,Good,No,Yes,5677
Redmi,Redmi Model 7,47766,33,12,256,82,64,6.8,Good,No,No,25542
Samsung,Samsung Model 15,51267,30,6,64,92,16,6.8,Excellent,No,No,21568
OnePlus,OnePlus Model 9,35801,47,3,128,86,8,6.1,Good,No,Yes,14621
Motorola,Motorola Model 32,47980,47,12,512,67,16,6.0,Average,No,Yes,14807
Motorola,Motorola Model 22,25577,32,6,512,71,12,6.9,Excellent,Yes,Yes,17584
Realme,Realme Model 9,78202,64,6,256,88,64,5.3,Average,Yes,No,18322
Motorola,Motorola Model 13,13915,44,3,32,82,16,5.4,Excellent,Yes,Yes,6607
Redmi,Redmi Model 56,57285,17,6,64,86,32,5.3,Good,No,No,32142
Vivo,Vivo Model 2,72410,63,4,64,99,48,6.9,Excellent,No,Yes,24282
Apple,Apple Model 22,27611,14,4,512,85,16,6.4,Good,Yes,Yes,15595
Oppo,Oppo Model 52,113277,60,8,128,86,16,6.7,Excellent,Yes,No,32027
Apple,Apple Model 14,53123,55,4,32,70,48,6.5,Average,Yes,Yes,6585
Motorola,Motorola Model 29,85989,33,6,32,91,48,5.7,Excellent,No,Yes,46110
Realme,Realme Model 48,35511,32,4,32,82,12,6.1,Good,Yes,No,16102
Samsung,Samsung Model 33,21681,64,12,32,90,64,5.4,Good,Yes,Yes,10542
Oppo,Oppo Model 52,25230,65,8,128,82,8,5.6,Good,No,Yes,13211
Redmi,Redmi Model 34,36206,18,3,32,86,12,5.8,Excellent,Yes,No,20876
Samsung,Samsung Model 6,70593,62,4,256,84,108,6.5,Excellent,Yes,No,26993
Motorola,Motorola Model 11,13562,45,12,64,86,8,6.5,Good,Yes,Yes,9025
Vivo,Vivo Model 42,76169,67,12,512,74,64,6.4,Average,No,Yes,16526
Oppo,Oppo Model 37,15026,17,6,256,91,8,6.0,Average,No,No,2630
Oppo,Oppo Model 17,56684,39,12,32,93,8,5.8,Excellent,No,No,26801
Redmi,Redmi Model 38,23717,47,3,64,65,12,6.8,Average,No,No,10457
Vivo,Vivo Model 59,15647,31,4,256,81,108,6.5,Good,No,No,2000
Realme,Realme Model 12,112630,47,3,128,94,12,6.9,Good,Yes,Yes,45230
Motorola,Motorola Model 43,84017,61,12,64,71,64,6.3,Good,No,Yes,24027
Apple,Apple Model 38,38007,57,6,64,85,8,6.0,Excellent,No,Yes,10533
Samsung,Samsung Model 8,40823,53,12,64,97,16,6.7,Good,Yes,No,14590
Realme,Realme Model 11,48121,69,12,64,97,16,5.7,Average,No,No,14820
Redmi,Redmi Model 19,42340,57,4,512,75,48,5.5,Excellent,Yes,No,9510
Oppo,Oppo Model 53,107568,40,8,256,90,12,6.6,Excellent,No,No,46014
Vivo,Vivo Model 44,35115,49,6,64,73,16,7.0,Good,Yes,Yes,7324
Vivo,Vivo Model 44,108907,70,6,32,92,12,5.3,Good,Yes,Yes,19862
OnePlus,OnePlus Model 36,73453,42,12,64,83,108,5.7,Good,Yes,Yes,30983
Samsung,Samsung Model 2,29535,34,12,32,92,12,5.6,Average,No,No,4524
OnePlus,OnePlus Model 17,119106,16,8,128,100,16,6.5,Average,Yes,No,62961
OnePlus,OnePlus Model 18,87964,12,4,32,70,48,5.9,Average,Yes,No,50343
OnePlus,OnePlus Model 16,89967,22,12,512,83,12,6.2,Excellent,Yes,Yes,55721
Vivo,Vivo Model 33,75384,61,4,512,91,48,6.0,Excellent,No,Yes,16548
Vivo,Vivo Model 54,26755,4,12,32,76,12,5.7,Average,Yes,Yes,23636
Oppo,Oppo Model 42,28354,70,6,128,76,12,6.0,Good,No,Yes,2000
OnePlus,OnePlus Model 25,25762,71,6,512,80,32,5.9,Excellent,No,No,13040
Apple,Apple Model 49,106471,69,12,512,72,48,5.7,Excellent,Yes,No,26788
Oppo,Oppo Model 2,78544,13,3,64,91,108,6.9,Good,No,Yes,48659
OnePlus,OnePlus Model 45,24380,48,6,128,74,108,6.0,Average,Yes,No,4471
Vivo,Vivo Model 46,75272,13,6,32,87,64,6.4,Good,No,No,51378
OnePlus,OnePlus Model 9,17216,40,3,64,92,8,5.3,Average,No,Yes,4858
Apple,Apple Model 9,40661,14,4,256,65,12,5.3,Excellent,Yes,Yes,29524
Redmi,Redmi Model 11,119666,68,12,256,95,108,5.7,Excellent,No,No,34950
Motorola,Motorola Model 60,112625,5,6,256,73,64,6.3,Excellent,No,Yes,106287
Motorola,Motorola Model 36,119393,71,4,32,86,32,6.5,Good,No,Yes,30686
Motorola,Motorola Model 3,24141,61,3,32,90,16,5.6,Average,No,Yes,5109
Motorola,Motorola Model 38,48423,68,12,512,87,32,7.0,Average,Yes,No,3488
Oppo,Oppo Model 8,74807,45,4,512,92,64,6.7,Excellent,Yes,Yes,28032
Vivo,Vivo Model 2,60600,36,6,32,65,48,6.0,Average,No,No,27729
Redmi,Redmi Model 31,67548,60,6,256,67,8,6.0,Average,No,Yes,19025
Samsung,Samsung Model 55,102681,63,4,64,82,16,6.5,Average,Yes,No,15967
Vivo,Vivo Model 59,53777,50,12,32,86,16,6.8,Good,No,Yes,13556
Samsung,Samsung Model 38,119105,9,8,512,85,12,6.9,Excellent,Yes,No,96283
Oppo,Oppo Model 35,41813,43,6,512,66,8,6.9,Good,No,Yes,18001
Oppo,Oppo Model 57,83454,33,3,128,91,8,6.9,Good,Yes,No,32566
Samsung,Samsung Model 16,80323,68,8,32,86,8,6.2,Good,No,Yes,14312
Apple,Apple Model 48,110734,59,8,64,76,64,6.2,Good,No,No,35503
OnePlus,OnePlus Model 27,89171,72,12,64,70,108,7.0,Average,Yes,Yes,22605
Motorola,Motorola Model 22,32257,53,8,512,83,32,5.5,Average,Yes,Yes,3126
OnePlus,OnePlus Model 29,113845,23,3,32,88,16,5.2,Good,No,Yes,61279
Apple,Apple Model 29,35439,10,4,32,79,12,5.4,Average,Yes,No,21193
Vivo,Vivo Model 31,29276,52,8,64,85,32,6.6,Excellent,Yes,Yes,10551
Motorola,Motorola Model 7,17604,31,6,64,70,48,6.4,Good,No,No,6888
Redmi,Redmi Model 40,63485,64,4,256,83,48,5.4,Average,Yes,No,12585
Realme,Realme Model 39,90636,31,4,256,90,48,6.9,Good,Yes,Yes,40546
Vivo,Vivo Model 54,51398,9,3,128,72,32,5.5,Good,No,Yes,36865
Apple,Apple Model 38,12796,67,8,64,66,48,6.9,Excellent,Yes,No,2457
Vivo,Vivo Model 14,54898,25,12,128,77,108,6.8,Excellent,No,Yes,27085
OnePlus,OnePlus Model 1,87896,14,3,256,98,108,6.0,Good,No,Yes,66658
Motorola,Motorola Model 10,85053,5,4,256,85,48,5.7,Average,No,Yes,54835
Vivo,Vivo Model 58,53729,3,3,32,93,108,6.6,Average,No,Yes,43036
Motorola,Motorola Model 52,117745,12,3,128,65,32,5.4,Average,Yes,No,76687
Realme,Realme Model 8,97951,42,12,32,98,32,6.4,Average,Yes,Yes,26986
Redmi,Redmi Model 49,38517,29,4,128,86,32,7.0,Excellent,No,No,25361
Redmi,Redmi Model 33,116154,64,4,128,98,8,6.6,Good,No,Yes,35289
Motorola,Motorola Model 45,38443,40,3,128,89,48,5.6,Average,No,Yes,7198
Apple,Apple Model 7,48806,70,3,256,68,108,6.5,Average,Yes,Yes,2561
Redmi,Redmi Model 53,89158,68,4,512,91,32,5.6,Good,Yes,No,24514
Motorola,Motorola Model 60,30552,58,6,512,94,8,6.7,Excellent,Yes,No,7330
Vivo,Vivo Model 42,8080,70,4,32,72,12,6.5,Average,Yes,Yes,2000
Motorola,Motorola Model 11,8801,70,6,128,89,108,5.6,Excellent,No,Yes,8423
Vivo,Vivo Model 9,62328,34,6,128,85,12,5.2,Good,No,Yes,31801
Realme,Realme Model 6,69835,59,4,256,73,8,6.9,Good,Yes,Yes,17747
Redmi,Redmi Model 40,78938,25,12,512,89,48,5.3,Excellent,Yes,No,42834
Apple,Apple Model 11,66238,45,3,64,89,16,6.9,Good,No,Yes,28277
Oppo,Oppo Model 15,41172,49,8,32,92,108,6.2,Excellent,Yes,No,11011
Redmi,Redmi Model 34,110233,27,8,512,75,12,5.6,Excellent,No,Yes,66404
Vivo,Vivo Model 45,49851,12,4,32,98,8,5.2,Excellent,Yes,Yes,44541
Vivo,Vivo Model 16,85234,54,12,128,88,64,5.9,Good,Yes,Yes,35380
OnePlus,OnePlus Model 49,34824,28,4,512,90,32,6.8,Good,No,Yes,22259
Apple,Apple Model 32,111052,55,8,128,84,32,6.6,Good,No,Yes,34466
Motorola,Motorola Model 23,73602,4,8,64,99,108,5.8,Excellent,No,No,61554
Apple,Apple Model 57,30502,57,8,128,95,48,5.7,Good,No,Yes,8814
Samsung,Samsung Model 41,81322,12,6,128,74,16,6.6,Good,No,No,59160
Samsung,Samsung Model 10,25389,27,6,64,90,16,5.9,Average,No,Yes,14041
Realme,Realme Model 22,98449,5,4,512,69,64,5.8,Good,No,No,77101
Vivo,Vivo Model 13,44123,67,4,64,96,16,5.5,Average,Yes,Yes,9206
Apple,Apple Model 27,74260,33,3,32,71,16,6.1,Excellent,No,Yes,46805
Motorola,Motorola Model 24,41791,20,8,64,68,108,5.5,Excellent,No,Yes,24489
Motorola,Motorola Model 18,69418,1,3,256,81,64,6.9,Average,Yes,No,57208
Apple,Apple Model 19,85936,7,6,64,80,64,5.4,Average,No,Yes,56285
Samsung,Samsung Model 10,35456,69,6,128,83,108,6.9,Excellent,No,No,2956
Realme,Realme Model 25,41342,58,4,128,72,12,5.6,Excellent,No,Yes,7775
Vivo,Vivo Model 30,50447,67,8,64,76,12,5.7,Good,Yes,No,6327
Apple,Apple Model 49,18886,55,4,64,71,12,5.6,Good,Yes,Yes,10631
Oppo,Oppo Model 34,54504,13,3,512,73,48,6.1,Good,No,No,31198
Vivo,Vivo Model 45,19268,16,8,32,86,8,5.6,Average,Yes,No,16895
Vivo,Vivo Model 8,90079,61,4,512,96,8,5.6,Average,Yes,Yes,23731
Redmi,Redmi Model 40,108696,2,3,32,76,16,6.2,Excellent,Yes,Yes,109717
Vivo,Vivo Model 58,39331,72,12,32,76,48,5.6,Good,Yes,Yes,2726
Realme,Realme Model 12,93599,7,3,32,83,16,6.5,Good,No,No,72119
Samsung,Samsung Model 38,39277,9,12,256,68,16,6.4,Good,No,No,24205
Samsung,Samsung Model 38,118192,42,12,256,65,64,5.5,Average,No,No,41338
Motorola,Motorola Model 53,69245,12,6,32,81,12,6.1,Average,Yes,No,46082
Motorola,Motorola Model 16,54600,43,6,64,84,64,6.9,Excellent,No,Yes,26153
Samsung,Samsung Model 2,97005,39,6,512,93,16,6.4,Excellent,No,No,42732
Apple,Apple Model 44,68305,14,3,64,98,16,6.7,Good,No,No,47414
Oppo,Oppo Model 31,10331,67,6,128,67,32,5.3,Good,No,Yes,2000
Vivo,Vivo Model 13,19321,3,12,512,95,16,6.9,Excellent,Yes,No,10774
Vivo,Vivo Model 45,57934,14,12,512,67,8,5.9,Average,Yes,Yes,26214
Vivo,Vivo Model 8,96946,12,12,64,77,64,6.7,Average,Yes,No,57760
Oppo,Oppo Model 22,96392,19,4,512,87,8,5.4,Average,No,Yes,52742
Vivo,Vivo Model 12,106712,43,4,256,67,64,6.7,Excellent,Yes,Yes,41205
Oppo,Oppo Model 60,55202,63,3,128,76,108,7.0,Average,Yes,No,13684
Vivo,Vivo Model 17,94805,39,4,256,82,32,5.8,Average,Yes,Yes,29015
OnePlus,OnePlus Model 31,55631,49,3,128,95,8,5.7,Average,No,Yes,10179
Apple,Apple Model 32,27524,42,3,512,92,32,6.6,Excellent,Yes,Yes,15999
Motorola,Motorola Model 9,94904,40,6,32,97,108,6.5,Good,Yes,No,47224
Samsung,Samsung Model 44,54077,49,3,128,97,8,6.4,Excellent,No,Yes,18377
Motorola,Motorola Model 52,22920,21,12,128,83,108,6.7,Excellent,No,Yes,14238
Vivo,Vivo Model 24,80745,10,12,128,96,32,6.2,Good,Yes,Yes,56861
Apple,Apple Model 44,27170,69,3,256,81,108,5.6,Average,Yes,No,2000
Vivo,Vivo Model 18,87138,66,4,32,71,16,5.7,Average,Yes,No,23645
Realme,Realme Model 24,44201,7,12,64,69,64,6.9,Average,Yes,No,28071
OnePlus,OnePlus Model 39,56459,68,6,512,85,12,5.2,Average,Yes,No,5199
Realme,Realme Model 58,102393,47,12,256,65,12,6.2,Excellent,Yes,No,43921
Redmi,Redmi Model 9,107584,48,4,128,77,48,6.0,Average,Yes,No,26179
Vivo,Vivo Model 31,105358,26,6,256,99,8,5.3,Good,No,Yes,58648
Redmi,Redmi Model 23,58889,47,3,512,78,64,6.8,Average,No,No,21142
Motorola,Motorola Model 10,34980,19,12,512,70,108,5.9,Excellent,Yes,No,31887
Redmi,Redmi Model 55,100348,6,12,64,81,48,6.0,Good,No,No,76337
Oppo,Oppo Model 52,76255,36,3,512,77,64,5.4,Average,No,Yes,33099
Vivo,Vivo Model 3,53475,47,4,128,92,12,5.8,Average,Yes,No,23409
Motorola,Motorola Model 27,91314,43,6,64,94,48,6.2,Average,No,No,24191
OnePlus,OnePlus Model 8,71142,19,6,64,76,64,6.6,Excellent,Yes,Yes,55638
Redmi,Redmi Model 30,26926,33,3,32,96,32,6.8,Average,No,Yes,16837
Vivo,Vivo Model 31,56949,15,3,32,90,108,5.3,Good,No,No,38319
OnePlus,OnePlus Model 2,35508,17,3,512,80,16,6.9,Good,Yes,No,15180
Redmi,Redmi Model 13,57120,37,12,128,85,32,5.4,Average,Yes,No,18030
Realme,Realme Model 8,44838,55,12,512,83,108,6.2,Good,Yes,Yes,9613
Redmi,Redmi Model 36,108919,42,3,32,74,32,6.9,Average,Yes,No,32446
OnePlus,OnePlus Model 13,113184,7,4,64,73,8,6.1,Average,No,No,68373
Motorola,Motorola Model 21,59270,72,3,256,97,48,5.3,Average,No,Yes,8311
Redmi,Redmi Model 50,94218,49,12,32,100,64,5.6,Excellent,Yes,Yes,39136
Samsung,Samsung Model 25,10862,22,4,512,72,48,6.4,Average,Yes,Yes,4122
Motorola,Motorola Model 56,13504,28,8,32,78,8,5.9,Excellent,No,Yes,2000
Motorola,Motorola Model 12,59161,62,12,32,92,48,5.7,Average,Yes,No,12055
Realme,Realme Model 17,72682,8,3,64,86,48,6.7,Average,No,No,54235
Oppo,Oppo Model 19,112279,56,12,512,78,8,7.0,Excellent,No,Yes,40318
Redmi,Redmi Model 6,12832,29,3,64,88,108,6.6,Good,Yes,No,14126
Apple,Apple Model 35,62646,60,4,256,76,64,6.5,Average,No,Yes,16291
Motorola,Motorola Model 23,56823,13,12,32,98,48,6.6,Average,Yes,No,37739
Motorola,Motorola Model 52,34480,62,4,256,76,12,5.8,Average,Yes,No,6962
OnePlus,OnePlus Model 54,73243,51,3,256,90,12,6.8,Good,No,No,31017
Motorola,Motorola Model 50,9555,28,6,128,99,16,6.9,Excellent,Yes,Yes,2000
Vivo,Vivo Model 10,119571,12,12,64,67,64,5.7,Average,No,Yes,74622
OnePlus,OnePlus Model 13,66269,72,4,512,72,8,6.4,Excellent,Yes,No,14442
Redmi,Redmi Model 59,109900,68,4,256,76,8,6.5,Excellent,Yes,No,23654
OnePlus,OnePlus Model 30,108196,66,12,32,98,16,5.3,Good,No,No,21136
Redmi,Redmi Model 11,70601,21,3,128,88,48,5.3,Excellent,Yes,Yes,40348
Samsung,Samsung Model 11,33370,34,3,32,78,16,5.8,Average,No,Yes,10969
Motorola,Motorola Model 48,22609,64,12,32,75,32,6.9,Excellent,Yes,Yes,2431
Vivo,Vivo Model 8,36850,26,6,512,66,16,5.3,Good,No,Yes,17895
OnePlus,OnePlus Model 33,54165,31,8,512,81,12,5.6,Excellent,Yes,No,34144
Apple,Apple Model 22,8846,62,12,256,100,64,6.6,Average,Yes,No,9012
OnePlus,OnePlus Model 32,35023,21,4,256,88,64,6.8,Average,No,No,18851
Samsung,Samsung Model 60,103715,15,12,256,95,64,6.6,Average,No,Yes,53639
Motorola,Motorola Model 57,25129,39,6,32,90,8,5.3,Good,Yes,Yes,15844
Realme,Realme Model 30,59709,42,12,64,98,64,6.9,Average,No,Yes,28110
OnePlus,OnePlus Model 32,118700,21,6,128,69,48,6.3,Excellent,Yes,No,77176
Oppo,Oppo Model 14,53883,60,3,32,83,16,6.0,Excellent,Yes,No,22743
Oppo,Oppo Model 56,24726,33,12,256,88,48,6.0,Average,No,Yes,3847
Apple,Apple Model 1,102999,34,8,32,69,108,6.7,Average,Yes,No,46722
Apple,Apple Model 47,117157,6,3,512,80,64,6.7,Excellent,Yes,No,109976
Motorola,Motorola Model 37,31233,18,3,64,95,8,5.2,Excellent,Yes,No,25278
Redmi,Redmi Model 18,106271,17,6,128,99,48,7.0,Average,No,No,54896
OnePlus,OnePlus Model 43,63247,41,3,64,97,108,6.7,Good,No,No,28991
Apple,Apple Model 7,70703,35,12,512,90,16,6.0,Average,No,No,24289
OnePlus,OnePlus Model 58,32174,15,12,32,80,12,6.5,Excellent,No,No,21317
Motorola,Motorola Model 5,118617,32,4,512,65,48,5.7,Good,Yes,Yes,57902
Vivo,Vivo Model 60,19910,18,3,32,67,48,6.6,Excellent,No,Yes,19681
Oppo,Oppo Model 6,69827,6,3,128,79,12,6.8,Average,Yes,Yes,45789
Redmi,Redmi Model 49,95303,38,8,64,90,32,6.9,Good,Yes,Yes,38876
Realme,Realme Model 38,86132,64,12,512,81,16,5.6,Excellent,No,Yes,24612
Redmi,Redmi Model 14,77256,66,12,512,68,32,6.8,Average,No,Yes,17429
Samsung,Samsung Model 51,13700,55,3,128,91,16,5.7,Excellent,No,No,4525
Realme,Realme Model 47,48746,48,12,512,85,12,6.6,Good,No,Yes,22738
Vivo,Vivo Model 45,26921,61,12,256,93,16,5.9,Average,No,No,13510
Vivo,Vivo Model 12,56397,18,3,32,77,16,5.8,Excellent,No,No,34513
Oppo,Oppo Model 15,40369,41,3,128,82,8,6.7,Excellent,No,No,14926
Oppo,Oppo Model 10,8217,3,12,64,68,8,5.7,Good,Yes,Yes,11463
Realme,Realme Model 48,111146,21,4,64,80,8,5.3,Average,Yes,Yes,51495
Redmi,Redmi Model 3,111495,12,6,64,69,12,6.4,Excellent,No,No,82811
Samsung,Samsung Model 35,45606,44,3,32,71,48,6.5,Average,Yes,No,11666
Realme,Realme Model 52,119512,15,4,64,67,48,6.0,Good,Yes,Yes,74803
OnePlus,OnePlus Model 3,70185,47,8,32,75,108,6.6,Average,No,Yes,24631
Oppo,Oppo Model 60,93147,67,8,256,67,12,6.2,Good,Yes,No,28805
Oppo,Oppo Model 2,36989,40,4,256,79,108,6.1,Excellent,Yes,Yes,22377
Oppo,Oppo Model 29,30013,64,3,128,72,8,6.2,Good,No,Yes,12413
Redmi,Redmi Model 52,26981,17,4,32,81,64,6.6,Average,No,No,19335
OnePlus,OnePlus Model 41,60522,12,6,32,65,64,5.8,Excellent,No,No,52261
Apple,Apple Model 56,115194,10,12,512,72,64,6.8,Average,No,Yes,76926
Redmi,Redmi Model 12,36779,54,4,128,100,12,6.9,Good,Yes,Yes,10716
Samsung,Samsung Model 2,23162,17,4,32,84,48,6.1,Average,Yes,Yes,13182
Apple,Apple Model 13,96689,25,8,32,70,48,6.1,Good,Yes,Yes,46735
Apple,Apple Model 38,80254,71,3,256,72,12,6.2,Good,No,Yes,20759
Motorola,Motorola Model 17,100616,56,6,512,100,32,5.3,Good,Yes,No,25401
Apple,Apple Model 26,115263,65,12,128,90,64,5.2,Excellent,Yes,Yes,36525
Realme,Realme Model 2,82335,25,4,128,87,64,5.4,Excellent,Yes,No,59271
Apple,Apple Model 39,66703,4,3,64,85,108,5.8,Excellent,Yes,Yes,62491
Oppo,Oppo Model 39,76719,54,4,512,87,12,5.7,Good,No,No,32289
Motorola,Motorola Model 40,24348,30,3,512,82,108,5.5,Good,No,No,13490
Motorola,Motorola Model 32,39947,1,12,128,78,108,6.7,Good,No,No,33388
Redmi,Redmi Model 56,77105,46,8,512,74,48,6.7,Good,Yes,No,26326
Oppo,Oppo Model 40,52517,5,12,64,73,48,6.0,Excellent,Yes,Yes,55041
Oppo,Oppo Model 46,25712,56,6,32,81,12,6.3,Excellent,No,Yes,10006
Apple,Apple Model 32,107460,54,6,32,87,32,6.1,Good,Yes,No,37978
Redmi,Redmi Model 52,38076,42,8,128,96,108,6.8,Good,Yes,Yes,18481
Motorola,Motorola Model 8,67425,52,12,256,69,8,6.5,Good,Yes,Yes,21704
Realme,Realme Model 18,70549,47,4,64,82,108,6.6,Good,No,Yes,21804
Apple,Apple Model 20,96980,42,3,64,80,108,6.6,Good,No,Yes,34054
Apple,Apple Model 29,39862,54,12,512,73,8,5.7,Excellent,No,Yes,22353
Redmi,Redmi Model 29,35089,33,4,128,94,48,6.9,Excellent,Yes,No,26339
Samsung,Samsung Model 4,71721,14,4,512,76,32,5.2,Excellent,No,Yes,56778
Motorola,Motorola Model 52,52288,45,3,128,86,8,6.2,Average,Yes,Yes,21203
Samsung,Samsung Model 39,54863,29,4,32,83,32,6.0,Excellent,Yes,No,31376
OnePlus,OnePlus Model 22,54907,71,8,128,93,64,6.0,Good,No,Yes,19393
Oppo,Oppo Model 20,108625,28,4,32,76,64,5.7,Excellent,No,No,57560
Vivo,Vivo Model 42,107638,18,8,64,92,16,6.4,Average,Yes,No,51429
Samsung,Samsung Model 49,90690,72,3,256,93,8,5.5,Excellent,Yes,No,24343
Redmi,Redmi Model 15,76880,61,3,256,67,32,6.9,Excellent,No,No,25548
Realme,Realme Model 54,112692,19,8,32,74,108,5.4,Good,No,No,62554
Realme,Realme Model 51,91008,8,6,512,67,64,6.7,Average,No,No,55736
Samsung,Samsung Model 24,29423,68,8,256,82,108,5.7,Good,No,Yes,4932
Realme,Realme Model 33,20339,20,8,32,82,32,6.3,Excellent,No,Yes,15640
Motorola,Motorola Model 21,11773,9,4,128,74,12,5.6,Excellent,No,No,13231
Vivo,Vivo Model 34,26475,36,12,32,91,64,6.5,Average,No,No,7926
Samsung,Samsung Model 15,72394,1,8,64,93,48,6.0,Good,No,Yes,58301
Motorola,Motorola Model 45,35975,43,3,128,82,32,6.9,Good,No,No,7385
Samsung,Samsung Model 24,85233,21,8,64,88,12,5.9,Average,No,No,44836
Apple,Apple Model 44,11430,3,3,256,84,32,5.4,Good,Yes,No,9099
Apple,Apple Model 27,99675,17,8,512,74,8,6.8,Excellent,Yes,Yes,79435
Samsung,Samsung Model 49,16822,38,3,32,84,108,7.0,Good,Yes,No,11310
Apple,Apple Model 45,89335,38,6,512,86,12,6.7,Good,No,Yes,34041
Oppo,Oppo Model 38,65984,61,6,64,95,12,6.7,Good,No,No,22469
Vivo,Vivo Model 49,56999,19,12,256,76,8,5.8,Good,No,Yes,29777
Samsung,Samsung Model 20,67917,38,3,128,65,64,6.6,Good,No,Yes,24030
Motorola,Motorola Model 49,81665,21,8,256,85,32,6.2,Average,No,No,43023
Realme,Realme Model 25,97245,49,3,32,89,16,6.7,Average,Yes,No,36534
Apple,Apple Model 60,112139,28,6,256,67,108,6.0,Average,Yes,Yes,55971
Redmi,Redmi Model 47,36521,64,8,512,88,108,6.1,Good,No,No,12047
Realme,Realme Model 47,31255,31,3,256,85,16,6.3,Excellent,No,No,19155
Apple,Apple Model 18,38132,1,6,32,98,8,6.4,Average,No,No,26462
Oppo,Oppo Model 29,103252,32,6,256,83,16,6.9,Excellent,No,Yes,62837
Samsung,Samsung Model 12,18454,72,12,512,84,108,5.4,Good,No,Yes,8774
OnePlus,OnePlus Model 8,119680,68,12,256,76,8,6.6,Average,No,Yes,18133
Samsung,Samsung Model 21,102471,34,12,128,77,64,6.4,Excellent,Yes,Yes,55489
Oppo,Oppo Model 44,108722,71,8,32,98,32,6.3,Good,No,Yes,32222
Oppo,Oppo Model 39,31008,2,12,64,91,48,6.6,Excellent,No,Yes,26963
Realme,Realme Model 17,21982,5,3,128,82,16,6.2,Average,Yes,No,11757
Apple,Apple Model 24,17856,41,6,512,74,16,5.3,Average,No,Yes,2000
Samsung,Samsung Model 21,95659,43,3,128,74,64,5.4,Good,No,Yes,45112
Apple,Apple Model 56,54121,5,8,512,85,48,6.1,Good,No,No,50008
Oppo,Oppo Model 37,97032,69,6,128,86,32,6.8,Excellent,Yes,No,33893
Realme,Realme Model 42,70589,29,6,32,80,8,6.3,Average,Yes,Yes,33465
Realme,Realme Model 31,38222,72,6,128,82,32,6.9,Average,Yes,No,9757
Motorola,Motorola Model 6,110323,51,12,64,84,48,6.1,Excellent,Yes,No,47857
Motorola,Motorola Model 48,42441,64,6,128,68,64,5.6,Good,Yes,Yes,5285
Apple,Apple Model 44,69593,59,8,32,85,12,6.2,Average,Yes,No,23709
Apple,Apple Model 53,94103,33,8,512,68,48,6.4,Excellent,Yes,Yes,50284
Redmi,Redmi Model 6,24318,72,12,32,78,48,6.5,Average,Yes,Yes,2240
Redmi,Redmi Model 44,91383,49,4,32,71,12,6.7,Average,No,No,25131
Motorola,Motorola Model 33,9602,68,6,128,70,108,5.3,Excellent,No,Yes,2305
Redmi,Redmi Model 8,104342,66,6,512,69,8,5.5,Average,No,Yes,24766
Apple,Apple Model 58,51344,56,3,512,96,108,5.4,Excellent,No,Yes,10637
OnePlus,OnePlus Model 14,75341,18,4,128,78,16,6.4,Excellent,Yes,No,54396
Apple,Apple Model 48,55875,37,6,64,91,48,5.7,Excellent,No,Yes,31343
Redmi,Redmi Model 39,15055,37,6,256,72,16,6.2,Excellent,No,Yes,11494
Motorola,Motorola Model 42,11043,51,4,64,71,32,5.3,Average,Yes,No,9099
Oppo,Oppo Model 27,35735,55,3,64,92,48,6.2,Good,No,Yes,3691
OnePlus,OnePlus Model 44,13106,20,6,64,98,64,6.4,Excellent,No,Yes,15162
Apple,Apple Model 20,89264,36,8,256,97,32,6.9,Good,No,No,46695
Realme,Realme Model 48,79411,70,3,64,67,64,6.0,Excellent,No,Yes,19952
Samsung,Samsung Model 53,60258,10,8,512,99,8,7.0,Average,Yes,Yes,41557
Apple,Apple Model 46,94369,47,4,256,72,12,5.5,Average,No,No,32746
Oppo,Oppo Model 45,93472,11,12,128,91,64,5.4,Excellent,Yes,No,83790
Redmi,Redmi Model 36,70183,70,3,128,67,12,6.0,Average,Yes,Yes,16663
Realme,Realme Model 13,107939,67,12,256,76,48,6.1,Average,Yes,No,21669
Samsung,Samsung Model 38,70661,68,12,256,65,8,6.3,Good,No,No,16957
Motorola,Motorola Model 4,63423,11,8,128,77,108,5.8,Excellent,No,No,49384
Realme,Realme Model 55,50151,6,12,64,96,12,5.9,Excellent,Yes,No,43519
Redmi,Redmi Model 36,74548,39,3,32,86,8,5.9,Average,No,No,30454
Apple,Apple Model 12,68483,33,4,64,87,48,6.9,Average,Yes,No,31129
Motorola,Motorola Model 8,77326,13,12,256,85,32,6.6,Average,No,No,51699
Redmi,Redmi Model 49,108226,21,12,32,80,64,6.4,Good,No,Yes,72387
Vivo,Vivo Model 17,68060,43,12,128,91,12,6.8,Excellent,No,Yes,25391
Redmi,Redmi Model 19,9763,7,12,512,96,32,6.4,Average,Yes,No,3829
Samsung,Samsung Model 50,28956,71,6,64,71,48,5.5,Good,No,Yes,14613
Realme,Realme Model 26,54199,63,8,128,86,48,6.2,Good,Yes,No,21380
Apple,Apple Model 38,9312,53,8,512,90,64,6.0,Excellent,Yes,Yes,2000
OnePlus,OnePlus Model 13,26863,9,8,32,79,108,5.2,Good,Yes,Yes,14463
Samsung,Samsung Model 37,45662,28,6,256,90,12,5.9,Average,Yes,No,22974
Vivo,Vivo Model 29,74025,31,8,128,97,12,5.3,Good,Yes,Yes,42513
Oppo,Oppo Model 31,81340,5,6,32,76,64,6.8,Excellent,No,Yes,67674
Realme,Realme Model 27,114482,26,6,32,85,12,5.3,Average,No,No,52547
Vivo,Vivo Model 37,98454,31,6,64,90,16,6.4,Average,No,No,35284
Vivo,Vivo Model 31,98885,10,6,256,76,32,5.7,Average,No,No,68534
Oppo,Oppo Model 27,97215,9,6,64,81,64,6.5,Good,No,No,78429
Samsung,Samsung Model 15,11138,52,8,128,99,48,7.0,Excellent,No,No,5533
Motorola,Motorola Model 4,13212,20,4,32,82,48,5.9,Good,No,No,2820
Motorola,Motorola Model 43,116776,11,3,256,71,12,5.2,Excellent,No,No,101928
Vivo,Vivo Model 7,21468,12,12,128,99,16,5.3,Good,Yes,No,11487
Apple,Apple Model 14,54899,29,6,256,90,64,6.3,Excellent,Yes,Yes,27468
Oppo,Oppo Model 43,50685,34,3,512,87,16,6.4,Good,No,No,21339
Realme,Realme Model 60,89257,57,6,64,94,48,5.9,Average,No,Yes,22226
Motorola,Motorola Model 18,108925,47,12,64,89,16,5.6,Excellent,Yes,Yes,46733
Oppo,Oppo Model 40,25494,18,3,32,84,32,6.6,Average,No,No,13949
Apple,Apple Model 54,109469,7,8,128,65,32,6.4,Good,No,Yes,82614
Realme,Realme Model 54,53431,60,8,64,66,32,5.9,Good,No,No,12265
Oppo,Oppo Model 27,8297,15,4,32,93,108,6.1,Average,No,No,2000
Apple,Apple Model 46,8079,62,3,256,85,64,6.1,Average,Yes,No,4386
Realme,Realme Model 28,20269,38,3,256,83,12,5.6,Excellent,No,No,14201
Motorola,Motorola Model 53,29978,4,12,32,94,64,6.9,Average,No,Yes,26348
Apple,Apple Model 35,17865,46,6,256,95,48,5.5,Average,Yes,No,8406
Samsung,Samsung Model 1,31090,52,8,256,73,108,6.1,Average,No,No,3307
Samsung,Samsung Model 55,100279,24,4,512,67,48,5.7,Average,Yes,Yes,52387
Vivo,Vivo Model 56,32189,70,8,64,71,64,5.6,Good,Yes,No,2000
Redmi,Redmi Model 47,55427,43,4,64,81,8,6.6,Good,Yes,Yes,21132
Apple,Apple Model 13,99758,9,4,64,68,8,6.2,Excellent,Yes,No,85348
Oppo,Oppo Model 60,15823,50,12,64,83,48,5.3,Average,Yes,No,2329
Oppo,Oppo Model 3,26335,39,12,256,98,12,6.4,Excellent,No,No,20172
OnePlus,OnePlus Model 17,64900,28,4,128,91,108,6.3,Good,No,No,31801
Motorola,Motorola Model 16,50237,48,6,64,93,8,6.4,Average,Yes,No,16268
Oppo,Oppo Model 16,16545,51,8,128,85,12,7.0,Good,Yes,No,2007
Realme,Realme Model 10,114426,65,8,512,93,108,6.8,Good,No,Yes,27088
Samsung,Samsung Model 42,106105,43,4,128,91,16,6.7,Average,No,No,30928
Redmi,Redmi Model 21,55654,58,6,32,94,108,6.0,Good,Yes,Yes,9745
Redmi,Redmi Model 37,101983,69,3,256,97,32,6.9,Excellent,No,No,25898
Oppo,Oppo Model 24,108843,28,8,512,66,64,5.9,Good,No,Yes,55792
Motorola,Motorola Model 60,116650,72,12,32,80,108,6.6,Good,No,No,28666
Samsung,Samsung Model 2,118126,32,12,512,80,16,5.8,Average,Yes,Yes,47597
Apple,Apple Model 12,38313,45,8,32,83,64,6.6,Average,Yes,Yes,11437
Realme,Realme Model 42,47398,31,4,64,65,48,6.2,Average,No,Yes,15753
Realme,Realme Model 40,57607,14,12,64,85,32,5.4,Excellent,No,No,39535
Realme,Realme Model 12,72183,57,4,128,80,8,6.5,Excellent,No,Yes,23692
Oppo,Oppo Model 17,60470,62,8,64,74,8,5.4,Good,No,No,24596
Oppo,Oppo Model 24,60350,70,4,64,69,32,6.6,Average,No,No,19300
Realme,Realme Model 13,14877,29,4,256,99,48,5.9,Average,Yes,Yes,7297
Motorola,Motorola Model 27,15152,18,4,64,75,108,6.2,Good,Yes,Yes,11309
Redmi,Redmi Model 21,99265,59,6,32,67,16,6.7,Good,Yes,Yes,33651
Oppo,Oppo Model 28,92652,20,3,64,87,12,5.6,Average,No,Yes,40414
Redmi,Redmi Model 60,101811,71,8,256,92,16,5.4,Good,Yes,No,20473
Samsung,Samsung Model 54,91224,18,8,64,84,16,5.6,Excellent,Yes,Yes,64099
OnePlus,OnePlus Model 52,90958,33,4,32,95,108,5.8,Excellent,No,No,52582
Apple,Apple Model 6,100972,72,8,128,94,12,6.4,Good,Yes,No,25283
Realme,Realme Model 30,84079,6,6,512,71,48,6.5,Excellent,No,No,81114
Redmi,Redmi Model 46,79601,64,12,128,85,48,6.6,Good,Yes,Yes,27610
Oppo,Oppo Model 53,42396,71,6,256,75,48,6.1,Average,No,No,6586
Samsung,Samsung Model 37,63859,70,8,64,97,8,6.0,Average,Yes,Yes,14304
Vivo,Vivo Model 9,49593,67,12,64,91,8,6.0,Excellent,No,Yes,21395
Realme,Realme Model 46,14033,45,12,128,90,48,5.9,Good,No,No,2004
Motorola,Motorola Model 17,69641,39,3,64,93,64,6.8,Excellent,No,Yes,27239
Vivo,Vivo Model 47,80164,7,3,32,67,16,6.7,Average,Yes,Yes,55179
Oppo,Oppo Model 31,117160,9,6,256,70,8,5.3,Average,No,No,72085
Realme,Realme Model 38,23260,36,4,512,78,32,6.0,Average,No,No,6513
Motorola,Motorola Model 18,29941,48,6,512,82,16,5.5,Excellent,No,No,9505
Samsung,Samsung Model 35,23455,58,6,32,82,48,6.9,Good,No,No,12446
OnePlus,OnePlus Model 19,100777,14,6,64,71,16,6.5,Average,No,No,65518
Realme,Realme Model 59,119961,48,12,32,65,48,6.2,Excellent,Yes,No,41555
Realme,Realme Model 31,50727,2,12,256,78,32,6.7,Excellent,Yes,No,46900
Apple,Apple Model 35,37056,53,3,64,79,16,6.0,Average,Yes,No,7824
Samsung,Samsung Model 25,111994,13,12,64,82,16,6.2,Good,Yes,No,74935
Vivo,Vivo Model 47,55128,55,4,256,69,64,6.0,Good,Yes,Yes,10619
Samsung,Samsung Model 11,51140,37,6,128,69,16,6.2,Good,No,Yes,23589
Motorola,Motorola Model 53,94527,67,12,512,87,8,5.5,Excellent,Yes,Yes,20320
OnePlus,OnePlus Model 3,13317,70,8,32,72,12,6.6,Good,No,Yes,2236
OnePlus,OnePlus Model 44,89476,16,12,128,73,64,5.9,Excellent,No,Yes,69334
Motorola,Motorola Model 8,106844,33,8,32,91,16,6.0,Average,Yes,No,40602
Apple,Apple Model 15,36234,42,3,512,82,48,6.3,Excellent,Yes,Yes,12984
Vivo,Vivo Model 57,113393,53,8,512,69,12,5.3,Excellent,Yes,Yes,38995
OnePlus,OnePlus Model 2,62189,44,8,256,78,16,5.4,Good,No,Yes,25739
Motorola,Motorola Model 43,55637,62,8,512,80,16,5.8,Average,Yes,No,10031
Redmi,Redmi Model 42,62515,55,4,256,73,16,6.6,Average,Yes,Yes,19655
Realme,Realme Model 49,40609,8,3,64,95,8,6.4,Good,Yes,Yes,32709
Samsung,Samsung Model 9,15039,65,12,128,93,64,5.7,Excellent,No,No,2000
Vivo,Vivo Model 18,37364,54,3,256,80,16,5.9,Excellent,Yes,Yes,12061
Realme,Realme Model 6,60796,37,8,256,86,8,5.3,Excellent,No,No,25568
Samsung,Samsung Model 15,82865,69,12,32,76,16,5.6,Average,No,Yes,15027
Apple,Apple Model 11,51827,39,6,256,74,8,6.3,Excellent,Yes,No,23367
Realme,Realme Model 21,58860,45,8,512,100,32,6.1,Average,No,Yes,26172
OnePlus,OnePlus Model 52,118349,37,12,128,75,12,5.7,Excellent,Yes,Yes,62116
OnePlus,OnePlus Model 33,115531,41,12,64,93,32,6.1,Excellent,No,Yes,61763
Vivo,Vivo Model 9,54798,40,4,64,80,32,6.8,Excellent,Yes,Yes,21608
Motorola,Motorola Model 55,117305,15,3,64,95,64,6.3,Excellent,Yes,No,92901
Motorola,Motorola Model 18,82847,24,12,128,79,8,5.3,Good,No,No,47127
Redmi,Redmi Model 53,70310,41,4,32,77,108,6.0,Average,Yes,Yes,28888
Vivo,Vivo Model 22,39630,49,8,128,87,16,6.0,Excellent,Yes,No,18029
OnePlus,OnePlus Model 30,99109,67,8,256,83,12,5.8,Average,Yes,No,24627
Oppo,Oppo Model 26,110752,30,3,128,89,64,5.7,Excellent,No,No,55782
Oppo,Oppo Model 10,14925,68,8,32,82,8,6.5,Average,No,Yes,2000
Redmi,Redmi Model 44,84615,70,12,256,87,12,6.8,Average,Yes,No,11256
Oppo,Oppo Model 10,21372,25,8,64,95,108,5.6,Good,No,No,13367
Realme,Realme Model 30,35588,37,4,128,79,8,6.3,Average,No,No,11945
Oppo,Oppo Model 39,60856,56,6,256,90,12,5.6,Excellent,No,No,17077
Apple,Apple Model 31,22476,23,12,512,97,16,5.7,Excellent,No,No,12922
Apple,Apple Model 29,35758,44,4,512,91,32,5.9,Average,No,No,19502
Motorola,Motorola Model 32,88096,56,8,512,93,8,5.2,Good,No,Yes,20655
Motorola,Motorola Model 31,95789,54,4,64,65,64,6.2,Average,No,No,24857
Motorola,Motorola Model 22,40155,32,3,128,67,16,5.9,Good,No,Yes,13644
OnePlus,OnePlus Model 21,57491,34,6,32,85,108,5.4,Average,Yes,No,26466
OnePlus,OnePlus Model 4,74418,12,3,128,97,12,6.0,Average,Yes,Yes,48216
Apple,Apple Model 25,19742,60,12,128,79,16,5.7,Good,Yes,No,12008
OnePlus,OnePlus Model 25,90927,72,3,512,75,48,6.9,Good,No,Yes,23490
Samsung,Samsung Model 1,57482,19,12,32,69,16,5.8,Average,Yes,Yes,23718
Apple,Apple Model 32,65815,10,8,256,79,8,5.6,Average,No,Yes,44779
OnePlus,OnePlus Model 15,44176,18,6,128,93,48,6.8,Good,No,No,30729
Samsung,Samsung Model 43,16503,48,8,64,67,48,6.7,Excellent,No,Yes,2000
Apple,Apple Model 16,18361,37,12,512,82,64,5.7,Average,No,No,2316
Oppo,Oppo Model 7,89802,1,4,256,100,16,5.5,Good,Yes,No,84686
Realme,Realme Model 50,24188,16,8,512,92,16,6.1,Average,No,Yes,13933
Oppo,Oppo Model 21,24442,58,6,32,96,16,5.6,Average,Yes,Yes,2000
Realme,Realme Model 6,60107,7,3,512,78,16,6.9,Good,No,Yes,39895
Vivo,Vivo Model 51,100410,17,4,256,79,48,6.6,Excellent,Yes,Yes,80142
Apple,Apple Model 18,53696,21,3,512,82,108,6.0,Good,Yes,Yes,30610
Oppo,Oppo Model 44,91720,30,6,64,92,108,5.9,Average,Yes,No,43203
Realme,Realme Model 15,41307,44,3,32,73,108,5.9,Excellent,Yes,No,25207
OnePlus,OnePlus Model 19,24930,56,12,64,80,12,6.4,Good,Yes,Yes,6740
Realme,Realme Model 14,63971,23,6,128,78,16,6.2,Average,Yes,Yes,33032
OnePlus,OnePlus Model 19,71320,24,3,32,67,12,6.8,Average,Yes,No,35660
Redmi,Redmi Model 1,56132,48,3,32,82,108,7.0,Excellent,Yes,No,22991
Motorola,Motorola Model 35,47936,61,4,64,94,48,6.7,Excellent,No,No,14938
OnePlus,OnePlus Model 54,56709,70,4,256,65,8,6.6,Good,No,Yes,12047
Oppo,Oppo Model 15,26010,3,4,256,75,64,6.0,Excellent,No,Yes,22544
Redmi,Redmi Model 29,44050,62,3,128,78,32,6.0,Average,Yes,Yes,8151
Motorola,Motorola Model 33,48311,14,6,128,97,12,5.4,Average,No,No,29592
Redmi,Redmi Model 39,90749,64,3,32,74,8,5.8,Good,Yes,No,20858
Apple,Apple Model 58,33200,19,4,64,93,12,6.2,Good,Yes,No,23753
Apple,Apple Model 6,100246,19,8,128,76,64,6.1,Average,No,Yes,45701
Samsung,Samsung Model 29,44627,71,12,256,74,64,6.7,Excellent,Yes,No,17141
Redmi,Redmi Model 13,42688,65,6,64,65,64,6.2,Average,No,No,14028
Oppo,Oppo Model 50,93727,17,12,64,68,48,6.8,Average,Yes,No,53278
Samsung,Samsung Model 48,112522,15,3,32,70,64,6.2,Good,Yes,Yes,82682
Motorola,Motorola Model 15,118266,48,6,64,70,12,6.4,Good,No,No,48680
Apple,Apple Model 27,54736,25,12,256,92,12,5.9,Average,Yes,No,19685
Oppo,Oppo Model 29,13035,29,12,128,91,8,6.8,Excellent,Yes,Yes,9456
Redmi,Redmi Model 47,34817,57,4,128,95,32,6.1,Good,Yes,Yes,16499
Oppo,Oppo Model 43,79431,19,6,64,85,8,6.5,Average,Yes,No,38091
Vivo,Vivo Model 3,56082,39,3,64,76,32,6.6,Excellent,No,No,21209
OnePlus,OnePlus Model 15,107079,56,3,64,81,16,6.2,Excellent,Yes,No,44775
Samsung,Samsung Model 33,105471,57,8,64,66,64,5.2,Excellent,Yes,No,29518
Realme,Realme Model 19,14340,23,4,512,82,12,7.0,Good,No,Yes,10771
Motorola,Motorola Model 39,55652,18,12,512,98,48,5.5,Excellent,Yes,No,43952
Samsung,Samsung Model 21,81364,36,12,32,86,16,6.0,Good,No,No,32109
Motorola,Motorola Model 7,91997,5,3,512,76,16,6.8,Average,Yes,Yes,66578
Realme,Realme Model 27,111841,64,3,64,69,12,6.2,Excellent,No,Yes,38838
Redmi,Redmi Model 13,55764,62,4,128,69,16,6.5,Excellent,No,Yes,21450
Redmi,Redmi Model 19,110611,55,12,32,73,64,5.5,Excellent,Yes,Yes,46618
Motorola,Motorola Model 48,8645,46,12,512,81,64,6.6,Excellent,No,No,2000
Samsung,Samsung Model 15,88714,52,3,32,74,64,5.4,Excellent,Yes,No,39463
Redmi,Redmi Model 21,38958,11,12,32,100,32,6.2,Average,No,No,20218
OnePlus,OnePlus Model 13,85300,2,4,256,69,16,5.6,Excellent,Yes,No,74604
Vivo,Vivo Model 56,107026,10,3,32,67,108,5.6,Good,Yes,Yes,78895
Apple,Apple Model 22,13110,20,6,32,80,8,5.5,Average,No,No,2000
Motorola,Motorola Model 21,73775,58,6,32,91,12,6.7,Excellent,No,Yes,32299
OnePlus,OnePlus Model 51,74443,33,6,256,97,32,6.2,Good,Yes,No,34965
Redmi,Redmi Model 29,31101,32,3,256,100,16,6.6,Good,Yes,Yes,17976
